--用户
DELETE FROM FCSI_RBAC_USER;
insert into FCSI_RBAC_USER (USER_ID, USER_NAME, LOGIN_NAME, DEPARTMENT_ID, PASSWORD, ROLE_ID, LAST_LOGIN_TIME, LOGIN_IP, FAILED_NUMBER, REMARK, STATUS) values (1, '管理员', 'admin', 2, 'e10adc3949ba59abbe56e057f20f883e', 1, null, null, null, null, 1);
insert into FCSI_RBAC_USER (USER_ID, USER_NAME, LOGIN_NAME, DEPARTMENT_ID, PASSWORD, ROLE_ID, LAST_LOGIN_TIME, LOGIN_IP, FAILED_NUMBER, REMARK, STATUS) values (2, '普通用户', 'admin1', 2, 'e10adc3949ba59abbe56e057f20f883e', 2, null, null, null, null, 1);
insert into FCSI_RBAC_USER (USER_ID, USER_NAME, LOGIN_NAME, DEPARTMENT_ID, PASSWORD, ROLE_ID, LAST_LOGIN_TIME, LOGIN_IP, FAILED_NUMBER, REMARK, STATUS) values (21, '客服1', 'customer1', 2, 'e10adc3949ba59abbe56e057f20f883e', 21, null, null, null, null, 1);
insert into FCSI_RBAC_USER (USER_ID, USER_NAME, LOGIN_NAME, DEPARTMENT_ID, PASSWORD, ROLE_ID, LAST_LOGIN_TIME, LOGIN_IP, FAILED_NUMBER, REMARK, STATUS) values (22, '客服2', 'customer2', 2, 'e10adc3949ba59abbe56e057f20f883e', 21, null, null, null, null, 1);
insert into FCSI_RBAC_USER (USER_ID, USER_NAME, LOGIN_NAME, DEPARTMENT_ID, PASSWORD, ROLE_ID, LAST_LOGIN_TIME, LOGIN_IP, FAILED_NUMBER, REMARK, STATUS) values (23, '客服3', 'customer3', 2, 'e10adc3949ba59abbe56e057f20f883e', 21, null, null, null, null, 1);
insert into FCSI_RBAC_USER (USER_ID, USER_NAME, LOGIN_NAME, DEPARTMENT_ID, PASSWORD, ROLE_ID, LAST_LOGIN_TIME, LOGIN_IP, FAILED_NUMBER, REMARK, STATUS) values (41, '客户', 'customer4', 2, 'e10adc3949ba59abbe56e057f20f883e', 41, null, null, null, null, 1);

--部门
DELETE FROM FCSI_RBAC_DEPARTMENT;
insert into FCSI_RBAC_DEPARTMENT (DEPARTMENT_ID, DEPARTMENT_NAME, DEPARTMENT_TYPE, REMARK) values (2, '部门', '1', null);

--角色
DELETE FROM FCSI_RBAC_ROLE;
insert into FCSI_RBAC_ROLE (ROLE_ID, ROLE_NAME, REMARK, SA_FLAG, LAST_UPDATE_USER_ID) values (1, '管理员', null, '1', null);
insert into FCSI_RBAC_ROLE (ROLE_ID, ROLE_NAME, REMARK, SA_FLAG, LAST_UPDATE_USER_ID) values (2, '普通角色', null, '0', null);
insert into FCSI_RBAC_ROLE (ROLE_ID, ROLE_NAME, REMARK, SA_FLAG, LAST_UPDATE_USER_ID) values (21, '客服', null, '1', null);
insert into FCSI_RBAC_ROLE (ROLE_ID, ROLE_NAME, REMARK, SA_FLAG, LAST_UPDATE_USER_ID) values (41, '客户', null, '1', null);


--菜单
delete from FCSI_RBAC_MENU;
insert into FCSI_RBAC_MENU (MENU_ID, PARENT_MENU_ID, URL, IMAGE, SA_FLAG, REMARK) values (21, 20, 'customerWechatMan.do', null, '1', '微客信息管理');
insert into FCSI_RBAC_MENU (MENU_ID, PARENT_MENU_ID, URL, IMAGE, SA_FLAG, REMARK) values (24, 20, 'customerAddressInfo.do', null, '1', '客户通讯地址管理');
insert into FCSI_RBAC_MENU (MENU_ID, PARENT_MENU_ID, URL, IMAGE, SA_FLAG, REMARK) values (41, 40, 'publicCustomerRelInfo.do', null, '1', '公众号客户关联管理');
insert into FCSI_RBAC_MENU (MENU_ID, PARENT_MENU_ID, URL, IMAGE, SA_FLAG, REMARK) values (42, 40, 'customerWechatRelInfo.do', null, '1', '微信号关联管理');
insert into FCSI_RBAC_MENU (MENU_ID, PARENT_MENU_ID, URL, IMAGE, SA_FLAG, REMARK) values (43, 40, 'customerWechatCardBindInfo.do', null, '1', '账-卡绑定管理');
insert into FCSI_RBAC_MENU (MENU_ID, PARENT_MENU_ID, URL, IMAGE, SA_FLAG, REMARK) values (44, 40, 'customerSocialRelInfo.do', null, '1', '社会关系维护管理');
insert into FCSI_RBAC_MENU (MENU_ID, PARENT_MENU_ID, URL, IMAGE, SA_FLAG, REMARK) values (45, 40, 'customerBusiCirclesInfo.do', null, '1', '客户业务圈管理');
insert into FCSI_RBAC_MENU (MENU_ID, PARENT_MENU_ID, URL, IMAGE, SA_FLAG, REMARK) values (61, 60, 'toUnauthor.do', null, '1', '服务关注趋势分析');
insert into FCSI_RBAC_MENU (MENU_ID, PARENT_MENU_ID, URL, IMAGE, SA_FLAG, REMARK) values (62, 60, 'customerAnalysisInfo.do', null, '1', '客户关注服务分析');
insert into FCSI_RBAC_MENU (MENU_ID, PARENT_MENU_ID, URL, IMAGE, SA_FLAG, REMARK) values (63, 60, 'customerSvrSummaryInfo.do', null, '1', '客户服务总体分析');
insert into FCSI_RBAC_MENU (MENU_ID, PARENT_MENU_ID, URL, IMAGE, SA_FLAG, REMARK) values (100, 0, null, null, '1', '微活动');
insert into FCSI_RBAC_MENU (MENU_ID, PARENT_MENU_ID, URL, IMAGE, SA_FLAG, REMARK) values (120, 100, null, null, '1', '微信营销活动管理');
insert into FCSI_RBAC_MENU (MENU_ID, PARENT_MENU_ID, URL, IMAGE, SA_FLAG, REMARK) values (140, 100, null, null, '1', '微信客户积分管理');
insert into FCSI_RBAC_MENU (MENU_ID, PARENT_MENU_ID, URL, IMAGE, SA_FLAG, REMARK) values (160, 100, null, null, '1', '积分商品管理');
insert into FCSI_RBAC_MENU (MENU_ID, PARENT_MENU_ID, URL, IMAGE, SA_FLAG, REMARK) values (121, 120, 'wechatMarketActivityDefineInfo.do', null, '1', '活动项目定义管理');
insert into FCSI_RBAC_MENU (MENU_ID, PARENT_MENU_ID, URL, IMAGE, SA_FLAG, REMARK) values (122, 120, 'wechatActivityRuleInfo.do', null, '1', '微信活动规则管理');
insert into FCSI_RBAC_MENU (MENU_ID, PARENT_MENU_ID, URL, IMAGE, SA_FLAG, REMARK) values (123, 120, 'wechatMarketActivitySummaryInfo.do', null, '1', '微信活动情况分析');
insert into FCSI_RBAC_MENU (MENU_ID, PARENT_MENU_ID, URL, IMAGE, SA_FLAG, REMARK) values (124, 120, 'wechatMarketActivityEffectsInfo.do', null, '1', '活动效果分析');
insert into FCSI_RBAC_MENU (MENU_ID, PARENT_MENU_ID, URL, IMAGE, SA_FLAG, REMARK) values (141, 140, 'wechatSvrScoreSetInfo.do', null, '1', '服务积分设置管理');
insert into FCSI_RBAC_MENU (MENU_ID, PARENT_MENU_ID, URL, IMAGE, SA_FLAG, REMARK) values (142, 140, 'wechatScoreInfo.do', null, '1', '客户积分管理');
insert into FCSI_RBAC_MENU (MENU_ID, PARENT_MENU_ID, URL, IMAGE, SA_FLAG, REMARK) values (143, 140, 'wechatScoreStatisticsInfo.do', null, '1', '客户积分统计管理');
insert into FCSI_RBAC_MENU (MENU_ID, PARENT_MENU_ID, URL, IMAGE, SA_FLAG, REMARK) values (144, 140, 'wechatScoreExchangeInfo.do', null, '1', '积分兑换管理');
insert into FCSI_RBAC_MENU (MENU_ID, PARENT_MENU_ID, URL, IMAGE, SA_FLAG, REMARK) values (161, 160, 'wechatGoodsInfo.do', null, '1', '商品资料管理');
insert into FCSI_RBAC_MENU (MENU_ID, PARENT_MENU_ID, URL, IMAGE, SA_FLAG, REMARK) values (162, 160, 'wechatGoodsScoreRelInfo.do', null, '1', '商品与积分关系管理');
insert into FCSI_RBAC_MENU (MENU_ID, PARENT_MENU_ID, URL, IMAGE, SA_FLAG, REMARK) values (163, 160, 'wechatGoodsStocksInfo.do', null, '1', '商品库存管理');
insert into FCSI_RBAC_MENU (MENU_ID, PARENT_MENU_ID, URL, IMAGE, SA_FLAG, REMARK) values (164, 160, 'wechatScoreExchangeSummaryInfo.do', null, '1', '商品兑换情况管理');
insert into FCSI_RBAC_MENU (MENU_ID, PARENT_MENU_ID, URL, IMAGE, SA_FLAG, REMARK) values (200, 0, null, null, '1', '微资讯');
insert into FCSI_RBAC_MENU (MENU_ID, PARENT_MENU_ID, URL, IMAGE, SA_FLAG, REMARK) values (220, 200, null, null, '1', '微资讯发布管理');
insert into FCSI_RBAC_MENU (MENU_ID, PARENT_MENU_ID, URL, IMAGE, SA_FLAG, REMARK) values (240, 200, null, null, '1', '华润易生活');
insert into FCSI_RBAC_MENU (MENU_ID, PARENT_MENU_ID, URL, IMAGE, SA_FLAG, REMARK) values (221, 220, 'marketingTypeProcess.do', null, '1', '资讯分类管理');
insert into FCSI_RBAC_MENU (MENU_ID, PARENT_MENU_ID, URL, IMAGE, SA_FLAG, REMARK) values (222, 220, 'marketingProcess.do', null, '1', '资讯采编管理');
insert into FCSI_RBAC_MENU (MENU_ID, PARENT_MENU_ID, URL, IMAGE, SA_FLAG, REMARK) values (225, 220, 'auditingProcess.do', null, '1', '资讯审批管理');
insert into FCSI_RBAC_MENU (MENU_ID, PARENT_MENU_ID, URL, IMAGE, SA_FLAG, REMARK) values (241, 240, 'advertInfoProcess.do', null, '1', '华润易生活管理');
insert into FCSI_RBAC_MENU (MENU_ID, PARENT_MENU_ID, URL, IMAGE, SA_FLAG, REMARK) values (300, 0, null, null, '1', '微交易');
insert into FCSI_RBAC_MENU (MENU_ID, PARENT_MENU_ID, URL, IMAGE, SA_FLAG, REMARK) values (320, 300, null, null, '1', '交易管理');
insert into FCSI_RBAC_MENU (MENU_ID, PARENT_MENU_ID, URL, IMAGE, SA_FLAG, REMARK) values (340, 300, null, null, '1', '业务办理预约管理');
insert into FCSI_RBAC_MENU (MENU_ID, PARENT_MENU_ID, URL, IMAGE, SA_FLAG, REMARK) values (360, 300, null, null, '1', '预约网点管理');
insert into FCSI_RBAC_MENU (MENU_ID, PARENT_MENU_ID, URL, IMAGE, SA_FLAG, REMARK) values (321, 320, 'tradeDetailsInquiryInfo.do', null, '1', '交易明细查询');
insert into FCSI_RBAC_MENU (MENU_ID, PARENT_MENU_ID, URL, IMAGE, SA_FLAG, REMARK) values (322, 320, 'tradeStatisticsAnalysisInfo.do', null, '1', '交易累总统计分析');
insert into FCSI_RBAC_MENU (MENU_ID, PARENT_MENU_ID, URL, IMAGE, SA_FLAG, REMARK) values (323, 320, 'tradeTrendAnalysisInfo.do', null, '1', '交易趋势分析');
insert into FCSI_RBAC_MENU (MENU_ID, PARENT_MENU_ID, URL, IMAGE, SA_FLAG, REMARK) values (342, 340, 'reservationSituationInfo.do', null, '1', '预约情况管理');
insert into FCSI_RBAC_MENU (MENU_ID, PARENT_MENU_ID, URL, IMAGE, SA_FLAG, REMARK) values (343, 340, 'reservationBusinessProcessInfo.do', null, '1', '预约业务办理情况分析');
insert into FCSI_RBAC_MENU (MENU_ID, PARENT_MENU_ID, URL, IMAGE, SA_FLAG, REMARK) values (344, 340, 'clientReservationAnalysisInfo.do', null, '1', '客户预约情况分析');
insert into FCSI_RBAC_MENU (MENU_ID, PARENT_MENU_ID, URL, IMAGE, SA_FLAG, REMARK) values (361, 360, 'branchInformationInfo.do', null, '1', '网点资料管理');
insert into FCSI_RBAC_MENU (MENU_ID, PARENT_MENU_ID, URL, IMAGE, SA_FLAG, REMARK) values (362, 360, 'branchIdleInfo.do', null, '1', '网点空闲情况管理');
insert into FCSI_RBAC_MENU (MENU_ID, PARENT_MENU_ID, URL, IMAGE, SA_FLAG, REMARK) values (363, 360, 'branchBusinessAppointmentInfo.do', null, '1', '网点预约情况分析');
insert into FCSI_RBAC_MENU (MENU_ID, PARENT_MENU_ID, URL, IMAGE, SA_FLAG, REMARK) values (400, 0, null, null, '1', '微知识');
insert into FCSI_RBAC_MENU (MENU_ID, PARENT_MENU_ID, URL, IMAGE, SA_FLAG, REMARK) values (420, 400, null, null, '1', '知识管理');
insert into FCSI_RBAC_MENU (MENU_ID, PARENT_MENU_ID, URL, IMAGE, SA_FLAG, REMARK) values (440, 400, null, null, '1', '客户问题学习管理');
insert into FCSI_RBAC_MENU (MENU_ID, PARENT_MENU_ID, URL, IMAGE, SA_FLAG, REMARK) values (421, 420, 'knowledgeClassificationInfo.do', null, '1', '知识分类管理');
insert into FCSI_RBAC_MENU (MENU_ID, PARENT_MENU_ID, URL, IMAGE, SA_FLAG, REMARK) values (422, 420, 'knowledgeBaseInfo.do', null, '1', '知识库管理');
insert into FCSI_RBAC_MENU (MENU_ID, PARENT_MENU_ID, URL, IMAGE, SA_FLAG, REMARK) values (423, 420, 'toQuestionTypeProcess.do', null, '1', '问题分类管理');
insert into FCSI_RBAC_MENU (MENU_ID, PARENT_MENU_ID, URL, IMAGE, SA_FLAG, REMARK) values (424, 420, 'toQuestionProcess.do', null, '1', '问题管理');
insert into FCSI_RBAC_MENU (MENU_ID, PARENT_MENU_ID, URL, IMAGE, SA_FLAG, REMARK) values (425, 420, 'toQuestionTypeProcess.do', null, '1', '问题解答分类管理');
insert into FCSI_RBAC_MENU (MENU_ID, PARENT_MENU_ID, URL, IMAGE, SA_FLAG, REMARK) values (426, 420, 'toAnswerProcess.do', null, '1', '答案管理');
insert into FCSI_RBAC_MENU (MENU_ID, PARENT_MENU_ID, URL, IMAGE, SA_FLAG, REMARK) values (427, 420, 'toUnauthor.do', null, '1', '知识库分类统计');
insert into FCSI_RBAC_MENU (MENU_ID, PARENT_MENU_ID, URL, IMAGE, SA_FLAG, REMARK) values (428, 420, 'toUnauthor.do', null, '1', '问题分类统计');
insert into FCSI_RBAC_MENU (MENU_ID, PARENT_MENU_ID, URL, IMAGE, SA_FLAG, REMARK) values (429, 420, 'toUnauthor.do', null, '1', '答案分类统计');
insert into FCSI_RBAC_MENU (MENU_ID, PARENT_MENU_ID, URL, IMAGE, SA_FLAG, REMARK) values (442, 440, 'toCollectionQuestionProcess.do', null, '1', '客户咨询问题学习管理');
insert into FCSI_RBAC_MENU (MENU_ID, PARENT_MENU_ID, URL, IMAGE, SA_FLAG, REMARK) values (443, 440, 'toUnauthor.do', null, '1', '问题学习情况分析管理');
insert into FCSI_RBAC_MENU (MENU_ID, PARENT_MENU_ID, URL, IMAGE, SA_FLAG, REMARK) values (500, 0, null, null, '1', '微客服');
insert into FCSI_RBAC_MENU (MENU_ID, PARENT_MENU_ID, URL, IMAGE, SA_FLAG, REMARK) values (520, 500, null, null, '1', '人工客服管理');
insert into FCSI_RBAC_MENU (MENU_ID, PARENT_MENU_ID, URL, IMAGE, SA_FLAG, REMARK) values (540, 500, null, null, '1', '客服绩效管理');
insert into FCSI_RBAC_MENU (MENU_ID, PARENT_MENU_ID, URL, IMAGE, SA_FLAG, REMARK) values (521, 520, 'serviceThermalWordInfo.do', null, '1', '客服热敏字管理');
insert into FCSI_RBAC_MENU (MENU_ID, PARENT_MENU_ID, URL, IMAGE, SA_FLAG, REMARK) values (524, 520, 'toAskAnswerProcess.do', null, '1', '客户最近咨询情况');
insert into FCSI_RBAC_MENU (MENU_ID, PARENT_MENU_ID, URL, IMAGE, SA_FLAG, REMARK) values (525, 520, 'serviceQueueInfo.do', null, '1', '客服排队管理');
insert into FCSI_RBAC_MENU (MENU_ID, PARENT_MENU_ID, URL, IMAGE, SA_FLAG, REMARK) values (526, 520, 'toAskAnswerProcess.do', null, '1', '人工客服应答管理');
insert into FCSI_RBAC_MENU (MENU_ID, PARENT_MENU_ID, URL, IMAGE, SA_FLAG, REMARK) values (541, 540, 'servicePerformanceEvaluateInfo.do', null, '1', '客服绩效评价管理');
insert into FCSI_RBAC_MENU (MENU_ID, PARENT_MENU_ID, URL, IMAGE, SA_FLAG, REMARK) values (542, 540, 'servicePerformanceInfo.do', null, '1', '客服绩效管理');
insert into FCSI_RBAC_MENU (MENU_ID, PARENT_MENU_ID, URL, IMAGE, SA_FLAG, REMARK) values (10000, 0, null, null, '1', '微管理');
insert into FCSI_RBAC_MENU (MENU_ID, PARENT_MENU_ID, URL, IMAGE, SA_FLAG, REMARK) values (20000, 10000, null, null, '1', '公众号管理');
insert into FCSI_RBAC_MENU (MENU_ID, PARENT_MENU_ID, URL, IMAGE, SA_FLAG, REMARK) values (50000, 10000, null, null, '1', '系统管理');
insert into FCSI_RBAC_MENU (MENU_ID, PARENT_MENU_ID, URL, IMAGE, SA_FLAG, REMARK) values (20001, 20000, 'publicAccountSetInfo.do', null, '1', '公众号设置管理');
insert into FCSI_RBAC_MENU (MENU_ID, PARENT_MENU_ID, URL, IMAGE, SA_FLAG, REMARK) values (20002, 20000, 'menuKeyProcess.do', null, '1', '公众号微信菜单管理');
insert into FCSI_RBAC_MENU (MENU_ID, PARENT_MENU_ID, URL, IMAGE, SA_FLAG, REMARK) values (20003, 20000, 'publicAccountAttentionInfo.do', null, '1', '公众号关注管理');
insert into FCSI_RBAC_MENU (MENU_ID, PARENT_MENU_ID, URL, IMAGE, SA_FLAG, REMARK) values (50001, 50000, 'userProcess.do', null, '1', '用户管理');
insert into FCSI_RBAC_MENU (MENU_ID, PARENT_MENU_ID, URL, IMAGE, SA_FLAG, REMARK) values (50002, 50000, 'toUpdatePasswordProcess.do', null, '1', '用户改密管理');
insert into FCSI_RBAC_MENU (MENU_ID, PARENT_MENU_ID, URL, IMAGE, SA_FLAG, REMARK) values (50003, 50000, 'toResetPasswordProcess.do', null, '1', '用户密码重置');
insert into FCSI_RBAC_MENU (MENU_ID, PARENT_MENU_ID, URL, IMAGE, SA_FLAG, REMARK) values (50004, 50000, 'departmentProcess.do', null, '1', '部门管理');
insert into FCSI_RBAC_MENU (MENU_ID, PARENT_MENU_ID, URL, IMAGE, SA_FLAG, REMARK) values (50005, 50000, 'roleProcess.do', null, '1', '岗位管理');
insert into FCSI_RBAC_MENU (MENU_ID, PARENT_MENU_ID, URL, IMAGE, SA_FLAG, REMARK) values (50006, 50000, 'toUnauthor.do', null, '1', '参数管理');
insert into FCSI_RBAC_MENU (MENU_ID, PARENT_MENU_ID, URL, IMAGE, SA_FLAG, REMARK) values (50007, 50000, 'toUnauthor.do', null, '1', '日终管理');
insert into FCSI_RBAC_MENU (MENU_ID, PARENT_MENU_ID, URL, IMAGE, SA_FLAG, REMARK) values (50008, 50000, 'toUnauthor.do', null, '1', '备份恢复管理');
insert into FCSI_RBAC_MENU (MENU_ID, PARENT_MENU_ID, URL, IMAGE, SA_FLAG, REMARK) values (1, 0, null, null, '1', '微客户');
insert into FCSI_RBAC_MENU (MENU_ID, PARENT_MENU_ID, URL, IMAGE, SA_FLAG, REMARK) values (20, 1, null, null, '1', '客户信息管理');
insert into FCSI_RBAC_MENU (MENU_ID, PARENT_MENU_ID, URL, IMAGE, SA_FLAG, REMARK) values (40, 1, null, null, '1', '客户关系管理');
insert into FCSI_RBAC_MENU (MENU_ID, PARENT_MENU_ID, URL, IMAGE, SA_FLAG, REMARK) values (341, 340, 'reservationBusinessDefinitionInfo.do', null, '1', '预约业务定义管理');
insert into FCSI_RBAC_MENU (MENU_ID, PARENT_MENU_ID, URL, IMAGE, SA_FLAG, REMARK) values (60, 1, null, null, '1', '客户分析管理');


-- 权限和功能管理
DELETE FROM FCSI_RBAC_FUNCTION;
insert into FCSI_RBAC_FUNCTION (FUNCTION_ID, MENU_ID, SA_FLAG, REMARK) values (100021, 50001, '1', '用户新增');
insert into FCSI_RBAC_FUNCTION (FUNCTION_ID, MENU_ID, SA_FLAG, REMARK) values (100022, 50001, '1', '用户修改');
insert into FCSI_RBAC_FUNCTION (FUNCTION_ID, MENU_ID, SA_FLAG, REMARK) values (100023, 50001, '1', '用户删除');
insert into FCSI_RBAC_FUNCTION (FUNCTION_ID, MENU_ID, SA_FLAG, REMARK) values (100024, 50001, '1', '用户查看');
insert into FCSI_RBAC_FUNCTION (FUNCTION_ID, MENU_ID, SA_FLAG, REMARK) values (100025, 50001, '1', '用户查询');
insert into FCSI_RBAC_FUNCTION (FUNCTION_ID, MENU_ID, SA_FLAG, REMARK) values (100031, 50004, '1', '部门新增');
insert into FCSI_RBAC_FUNCTION (FUNCTION_ID, MENU_ID, SA_FLAG, REMARK) values (100032, 50004, '1', '部门修改');
insert into FCSI_RBAC_FUNCTION (FUNCTION_ID, MENU_ID, SA_FLAG, REMARK) values (100033, 50004, '1', '部门删除');
insert into FCSI_RBAC_FUNCTION (FUNCTION_ID, MENU_ID, SA_FLAG, REMARK) values (100034, 50004, '1', '部门查看');
insert into FCSI_RBAC_FUNCTION (FUNCTION_ID, MENU_ID, SA_FLAG, REMARK) values (100035, 50004, '1', '部门查询');
insert into FCSI_RBAC_FUNCTION (FUNCTION_ID, MENU_ID, SA_FLAG, REMARK) values (100041, 50005, '1', '岗位新增');
insert into FCSI_RBAC_FUNCTION (FUNCTION_ID, MENU_ID, SA_FLAG, REMARK) values (100042, 50005, '1', '岗位修改');
insert into FCSI_RBAC_FUNCTION (FUNCTION_ID, MENU_ID, SA_FLAG, REMARK) values (100043, 50005, '1', '岗位删除');
insert into FCSI_RBAC_FUNCTION (FUNCTION_ID, MENU_ID, SA_FLAG, REMARK) values (100044, 50005, '1', '岗位查看');
insert into FCSI_RBAC_FUNCTION (FUNCTION_ID, MENU_ID, SA_FLAG, REMARK) values (100045, 50005, '1', '岗位查询');
insert into FCSI_RBAC_FUNCTION (FUNCTION_ID, MENU_ID, SA_FLAG, REMARK) values (100046, 50005, '1', '岗位授权');
insert into FCSI_RBAC_FUNCTION (FUNCTION_ID, MENU_ID, SA_FLAG, REMARK) values (100051, 50002, '1', '密码修改');
insert into FCSI_RBAC_FUNCTION (FUNCTION_ID, MENU_ID, SA_FLAG, REMARK) values (100061, 50003, '1', '密码重置');
insert into FCSI_RBAC_FUNCTION (FUNCTION_ID, MENU_ID, SA_FLAG, REMARK) values (100081, 423, '1', '问题类别新增');
insert into FCSI_RBAC_FUNCTION (FUNCTION_ID, MENU_ID, SA_FLAG, REMARK) values (100082, 423, '1', '问题类别修改');
insert into FCSI_RBAC_FUNCTION (FUNCTION_ID, MENU_ID, SA_FLAG, REMARK) values (100083, 423, '1', '问题类别删除');
insert into FCSI_RBAC_FUNCTION (FUNCTION_ID, MENU_ID, SA_FLAG, REMARK) values (100084, 423, '1', '问题类别查看');
insert into FCSI_RBAC_FUNCTION (FUNCTION_ID, MENU_ID, SA_FLAG, REMARK) values (100091, 424, '1', '问题修改');
insert into FCSI_RBAC_FUNCTION (FUNCTION_ID, MENU_ID, SA_FLAG, REMARK) values (100092, 424, '1', '问题删除');
insert into FCSI_RBAC_FUNCTION (FUNCTION_ID, MENU_ID, SA_FLAG, REMARK) values (100093, 424, '1', '问题查看');
insert into FCSI_RBAC_FUNCTION (FUNCTION_ID, MENU_ID, SA_FLAG, REMARK) values (100101, 426, '1', '答案修改');
insert into FCSI_RBAC_FUNCTION (FUNCTION_ID, MENU_ID, SA_FLAG, REMARK) values (100102, 426, '1', '答案修改');
insert into FCSI_RBAC_FUNCTION (FUNCTION_ID, MENU_ID, SA_FLAG, REMARK) values (100103, 426, '1', '答案删除');
insert into FCSI_RBAC_FUNCTION (FUNCTION_ID, MENU_ID, SA_FLAG, REMARK) values (100104, 426, '1', '答案查看');
insert into FCSI_RBAC_FUNCTION (FUNCTION_ID, MENU_ID, SA_FLAG, REMARK) values (100105, 426, '1', '问题新增');
insert into FCSI_RBAC_FUNCTION (FUNCTION_ID, MENU_ID, SA_FLAG, REMARK) values (200012, 222, '1', '营销咨询新增');
insert into FCSI_RBAC_FUNCTION (FUNCTION_ID, MENU_ID, SA_FLAG, REMARK) values (200015, 222, '1', '图片导入');
insert into FCSI_RBAC_FUNCTION (FUNCTION_ID, MENU_ID, SA_FLAG, REMARK) values (200016, 222, '1', '图片预览');
insert into FCSI_RBAC_FUNCTION (FUNCTION_ID, MENU_ID, SA_FLAG, REMARK) values (200011, 222, '1', '营销咨询查看');
insert into FCSI_RBAC_FUNCTION (FUNCTION_ID, MENU_ID, SA_FLAG, REMARK) values (200013, 222, '1', '营销咨询修改');
insert into FCSI_RBAC_FUNCTION (FUNCTION_ID, MENU_ID, SA_FLAG, REMARK) values (200014, 222, '1', '营销咨询删除');
insert into FCSI_RBAC_FUNCTION (FUNCTION_ID, MENU_ID, SA_FLAG, REMARK) values (400011, 241, '1', '易生活信息新增');
insert into FCSI_RBAC_FUNCTION (FUNCTION_ID, MENU_ID, SA_FLAG, REMARK) values (400012, 241, '1', '易生活信息修改');
insert into FCSI_RBAC_FUNCTION (FUNCTION_ID, MENU_ID, SA_FLAG, REMARK) values (400013, 241, '1', '易生活信息删除');
insert into FCSI_RBAC_FUNCTION (FUNCTION_ID, MENU_ID, SA_FLAG, REMARK) values (400010, 241, '1', '易生活信息查看');
insert into FCSI_RBAC_FUNCTION (FUNCTION_ID, MENU_ID, SA_FLAG, REMARK) values (200021, 221, '1', '营销咨询类型查看');
insert into FCSI_RBAC_FUNCTION (FUNCTION_ID, MENU_ID, SA_FLAG, REMARK) values (200022, 222, '1', '营销咨询类型新增');
insert into FCSI_RBAC_FUNCTION (FUNCTION_ID, MENU_ID, SA_FLAG, REMARK) values (200023, 222, '1', '营销咨询类型修改');
insert into FCSI_RBAC_FUNCTION (FUNCTION_ID, MENU_ID, SA_FLAG, REMARK) values (200024, 222, '1', '营销咨询类型删除');
insert into FCSI_RBAC_FUNCTION (FUNCTION_ID, MENU_ID, SA_FLAG, REMARK) values (300041, 20002, '1', '手机菜单类型查看');
insert into FCSI_RBAC_FUNCTION (FUNCTION_ID, MENU_ID, SA_FLAG, REMARK) values (300042, 20002, '1', '手机菜单类型新增');
insert into FCSI_RBAC_FUNCTION (FUNCTION_ID, MENU_ID, SA_FLAG, REMARK) values (300043, 20002, '1', '手机菜单类型修改');
insert into FCSI_RBAC_FUNCTION (FUNCTION_ID, MENU_ID, SA_FLAG, REMARK) values (300044, 20002, '1', '手机菜单类型删除');
insert into FCSI_RBAC_FUNCTION (FUNCTION_ID, MENU_ID, SA_FLAG, REMARK) values (100141, 524, '1', '问题答复');
insert into FCSI_RBAC_FUNCTION (FUNCTION_ID, MENU_ID, SA_FLAG, REMARK) values (200031, 225, '1', '资讯审批');


--权限管理
DELETE FROM FCSI_RBAC_PRIVILEGE;
insert into FCSI_RBAC_PRIVILEGE (RESOURCE_ID, RESOURCE_TYPE, ROLE_ID, LAST_UPDATE_USER_ID, LAST_UPDATE_TIME) values (21, 0, 1, null, null);
insert into FCSI_RBAC_PRIVILEGE (RESOURCE_ID, RESOURCE_TYPE, ROLE_ID, LAST_UPDATE_USER_ID, LAST_UPDATE_TIME) values (24, 0, 1, null, null);
insert into FCSI_RBAC_PRIVILEGE (RESOURCE_ID, RESOURCE_TYPE, ROLE_ID, LAST_UPDATE_USER_ID, LAST_UPDATE_TIME) values (41, 0, 1, null, null);
insert into FCSI_RBAC_PRIVILEGE (RESOURCE_ID, RESOURCE_TYPE, ROLE_ID, LAST_UPDATE_USER_ID, LAST_UPDATE_TIME) values (42, 0, 1, null, null);
insert into FCSI_RBAC_PRIVILEGE (RESOURCE_ID, RESOURCE_TYPE, ROLE_ID, LAST_UPDATE_USER_ID, LAST_UPDATE_TIME) values (43, 0, 1, null, null);
insert into FCSI_RBAC_PRIVILEGE (RESOURCE_ID, RESOURCE_TYPE, ROLE_ID, LAST_UPDATE_USER_ID, LAST_UPDATE_TIME) values (44, 0, 1, null, null);
insert into FCSI_RBAC_PRIVILEGE (RESOURCE_ID, RESOURCE_TYPE, ROLE_ID, LAST_UPDATE_USER_ID, LAST_UPDATE_TIME) values (45, 0, 1, null, null);
insert into FCSI_RBAC_PRIVILEGE (RESOURCE_ID, RESOURCE_TYPE, ROLE_ID, LAST_UPDATE_USER_ID, LAST_UPDATE_TIME) values (61, 0, 1, null, null);
insert into FCSI_RBAC_PRIVILEGE (RESOURCE_ID, RESOURCE_TYPE, ROLE_ID, LAST_UPDATE_USER_ID, LAST_UPDATE_TIME) values (62, 0, 1, null, null);
insert into FCSI_RBAC_PRIVILEGE (RESOURCE_ID, RESOURCE_TYPE, ROLE_ID, LAST_UPDATE_USER_ID, LAST_UPDATE_TIME) values (63, 0, 1, null, null);
insert into FCSI_RBAC_PRIVILEGE (RESOURCE_ID, RESOURCE_TYPE, ROLE_ID, LAST_UPDATE_USER_ID, LAST_UPDATE_TIME) values (100, 0, 1, null, null);
insert into FCSI_RBAC_PRIVILEGE (RESOURCE_ID, RESOURCE_TYPE, ROLE_ID, LAST_UPDATE_USER_ID, LAST_UPDATE_TIME) values (120, 0, 1, null, null);
insert into FCSI_RBAC_PRIVILEGE (RESOURCE_ID, RESOURCE_TYPE, ROLE_ID, LAST_UPDATE_USER_ID, LAST_UPDATE_TIME) values (140, 0, 1, null, null);
insert into FCSI_RBAC_PRIVILEGE (RESOURCE_ID, RESOURCE_TYPE, ROLE_ID, LAST_UPDATE_USER_ID, LAST_UPDATE_TIME) values (160, 0, 1, null, null);
insert into FCSI_RBAC_PRIVILEGE (RESOURCE_ID, RESOURCE_TYPE, ROLE_ID, LAST_UPDATE_USER_ID, LAST_UPDATE_TIME) values (121, 0, 1, null, null);
insert into FCSI_RBAC_PRIVILEGE (RESOURCE_ID, RESOURCE_TYPE, ROLE_ID, LAST_UPDATE_USER_ID, LAST_UPDATE_TIME) values (122, 0, 1, null, null);
insert into FCSI_RBAC_PRIVILEGE (RESOURCE_ID, RESOURCE_TYPE, ROLE_ID, LAST_UPDATE_USER_ID, LAST_UPDATE_TIME) values (123, 0, 1, null, null);
insert into FCSI_RBAC_PRIVILEGE (RESOURCE_ID, RESOURCE_TYPE, ROLE_ID, LAST_UPDATE_USER_ID, LAST_UPDATE_TIME) values (124, 0, 1, null, null);
insert into FCSI_RBAC_PRIVILEGE (RESOURCE_ID, RESOURCE_TYPE, ROLE_ID, LAST_UPDATE_USER_ID, LAST_UPDATE_TIME) values (141, 0, 1, null, null);
insert into FCSI_RBAC_PRIVILEGE (RESOURCE_ID, RESOURCE_TYPE, ROLE_ID, LAST_UPDATE_USER_ID, LAST_UPDATE_TIME) values (142, 0, 1, null, null);
insert into FCSI_RBAC_PRIVILEGE (RESOURCE_ID, RESOURCE_TYPE, ROLE_ID, LAST_UPDATE_USER_ID, LAST_UPDATE_TIME) values (143, 0, 1, null, null);
insert into FCSI_RBAC_PRIVILEGE (RESOURCE_ID, RESOURCE_TYPE, ROLE_ID, LAST_UPDATE_USER_ID, LAST_UPDATE_TIME) values (144, 0, 1, null, null);
insert into FCSI_RBAC_PRIVILEGE (RESOURCE_ID, RESOURCE_TYPE, ROLE_ID, LAST_UPDATE_USER_ID, LAST_UPDATE_TIME) values (161, 0, 1, null, null);
insert into FCSI_RBAC_PRIVILEGE (RESOURCE_ID, RESOURCE_TYPE, ROLE_ID, LAST_UPDATE_USER_ID, LAST_UPDATE_TIME) values (162, 0, 1, null, null);
insert into FCSI_RBAC_PRIVILEGE (RESOURCE_ID, RESOURCE_TYPE, ROLE_ID, LAST_UPDATE_USER_ID, LAST_UPDATE_TIME) values (163, 0, 1, null, null);
insert into FCSI_RBAC_PRIVILEGE (RESOURCE_ID, RESOURCE_TYPE, ROLE_ID, LAST_UPDATE_USER_ID, LAST_UPDATE_TIME) values (164, 0, 1, null, null);
insert into FCSI_RBAC_PRIVILEGE (RESOURCE_ID, RESOURCE_TYPE, ROLE_ID, LAST_UPDATE_USER_ID, LAST_UPDATE_TIME) values (200, 0, 1, null, null);
insert into FCSI_RBAC_PRIVILEGE (RESOURCE_ID, RESOURCE_TYPE, ROLE_ID, LAST_UPDATE_USER_ID, LAST_UPDATE_TIME) values (220, 0, 1, null, null);
insert into FCSI_RBAC_PRIVILEGE (RESOURCE_ID, RESOURCE_TYPE, ROLE_ID, LAST_UPDATE_USER_ID, LAST_UPDATE_TIME) values (221, 0, 1, null, null);
insert into FCSI_RBAC_PRIVILEGE (RESOURCE_ID, RESOURCE_TYPE, ROLE_ID, LAST_UPDATE_USER_ID, LAST_UPDATE_TIME) values (222, 0, 1, null, null);
insert into FCSI_RBAC_PRIVILEGE (RESOURCE_ID, RESOURCE_TYPE, ROLE_ID, LAST_UPDATE_USER_ID, LAST_UPDATE_TIME) values (225, 0, 1, null, null);
insert into FCSI_RBAC_PRIVILEGE (RESOURCE_ID, RESOURCE_TYPE, ROLE_ID, LAST_UPDATE_USER_ID, LAST_UPDATE_TIME) values (300, 0, 1, null, null);
insert into FCSI_RBAC_PRIVILEGE (RESOURCE_ID, RESOURCE_TYPE, ROLE_ID, LAST_UPDATE_USER_ID, LAST_UPDATE_TIME) values (320, 0, 1, null, null);
insert into FCSI_RBAC_PRIVILEGE (RESOURCE_ID, RESOURCE_TYPE, ROLE_ID, LAST_UPDATE_USER_ID, LAST_UPDATE_TIME) values (340, 0, 1, null, null);
insert into FCSI_RBAC_PRIVILEGE (RESOURCE_ID, RESOURCE_TYPE, ROLE_ID, LAST_UPDATE_USER_ID, LAST_UPDATE_TIME) values (360, 0, 1, null, null);
insert into FCSI_RBAC_PRIVILEGE (RESOURCE_ID, RESOURCE_TYPE, ROLE_ID, LAST_UPDATE_USER_ID, LAST_UPDATE_TIME) values (321, 0, 1, null, null);
insert into FCSI_RBAC_PRIVILEGE (RESOURCE_ID, RESOURCE_TYPE, ROLE_ID, LAST_UPDATE_USER_ID, LAST_UPDATE_TIME) values (322, 0, 1, null, null);
insert into FCSI_RBAC_PRIVILEGE (RESOURCE_ID, RESOURCE_TYPE, ROLE_ID, LAST_UPDATE_USER_ID, LAST_UPDATE_TIME) values (323, 0, 1, null, null);
insert into FCSI_RBAC_PRIVILEGE (RESOURCE_ID, RESOURCE_TYPE, ROLE_ID, LAST_UPDATE_USER_ID, LAST_UPDATE_TIME) values (342, 0, 1, null, null);
insert into FCSI_RBAC_PRIVILEGE (RESOURCE_ID, RESOURCE_TYPE, ROLE_ID, LAST_UPDATE_USER_ID, LAST_UPDATE_TIME) values (343, 0, 1, null, null);
insert into FCSI_RBAC_PRIVILEGE (RESOURCE_ID, RESOURCE_TYPE, ROLE_ID, LAST_UPDATE_USER_ID, LAST_UPDATE_TIME) values (344, 0, 1, null, null);
insert into FCSI_RBAC_PRIVILEGE (RESOURCE_ID, RESOURCE_TYPE, ROLE_ID, LAST_UPDATE_USER_ID, LAST_UPDATE_TIME) values (361, 0, 1, null, null);
insert into FCSI_RBAC_PRIVILEGE (RESOURCE_ID, RESOURCE_TYPE, ROLE_ID, LAST_UPDATE_USER_ID, LAST_UPDATE_TIME) values (362, 0, 1, null, null);
insert into FCSI_RBAC_PRIVILEGE (RESOURCE_ID, RESOURCE_TYPE, ROLE_ID, LAST_UPDATE_USER_ID, LAST_UPDATE_TIME) values (363, 0, 1, null, null);
insert into FCSI_RBAC_PRIVILEGE (RESOURCE_ID, RESOURCE_TYPE, ROLE_ID, LAST_UPDATE_USER_ID, LAST_UPDATE_TIME) values (400, 0, 1, null, null);
insert into FCSI_RBAC_PRIVILEGE (RESOURCE_ID, RESOURCE_TYPE, ROLE_ID, LAST_UPDATE_USER_ID, LAST_UPDATE_TIME) values (420, 0, 1, null, null);
insert into FCSI_RBAC_PRIVILEGE (RESOURCE_ID, RESOURCE_TYPE, ROLE_ID, LAST_UPDATE_USER_ID, LAST_UPDATE_TIME) values (440, 0, 1, null, null);
insert into FCSI_RBAC_PRIVILEGE (RESOURCE_ID, RESOURCE_TYPE, ROLE_ID, LAST_UPDATE_USER_ID, LAST_UPDATE_TIME) values (421, 0, 1, null, null);
insert into FCSI_RBAC_PRIVILEGE (RESOURCE_ID, RESOURCE_TYPE, ROLE_ID, LAST_UPDATE_USER_ID, LAST_UPDATE_TIME) values (422, 0, 1, null, null);
insert into FCSI_RBAC_PRIVILEGE (RESOURCE_ID, RESOURCE_TYPE, ROLE_ID, LAST_UPDATE_USER_ID, LAST_UPDATE_TIME) values (423, 0, 1, null, null);
insert into FCSI_RBAC_PRIVILEGE (RESOURCE_ID, RESOURCE_TYPE, ROLE_ID, LAST_UPDATE_USER_ID, LAST_UPDATE_TIME) values (424, 0, 1, null, null);
insert into FCSI_RBAC_PRIVILEGE (RESOURCE_ID, RESOURCE_TYPE, ROLE_ID, LAST_UPDATE_USER_ID, LAST_UPDATE_TIME) values (426, 0, 1, null, null);
insert into FCSI_RBAC_PRIVILEGE (RESOURCE_ID, RESOURCE_TYPE, ROLE_ID, LAST_UPDATE_USER_ID, LAST_UPDATE_TIME) values (427, 0, 1, null, null);
insert into FCSI_RBAC_PRIVILEGE (RESOURCE_ID, RESOURCE_TYPE, ROLE_ID, LAST_UPDATE_USER_ID, LAST_UPDATE_TIME) values (428, 0, 1, null, null);
insert into FCSI_RBAC_PRIVILEGE (RESOURCE_ID, RESOURCE_TYPE, ROLE_ID, LAST_UPDATE_USER_ID, LAST_UPDATE_TIME) values (429, 0, 1, null, null);
insert into FCSI_RBAC_PRIVILEGE (RESOURCE_ID, RESOURCE_TYPE, ROLE_ID, LAST_UPDATE_USER_ID, LAST_UPDATE_TIME) values (442, 0, 1, null, null);
insert into FCSI_RBAC_PRIVILEGE (RESOURCE_ID, RESOURCE_TYPE, ROLE_ID, LAST_UPDATE_USER_ID, LAST_UPDATE_TIME) values (500, 0, 1, null, null);
insert into FCSI_RBAC_PRIVILEGE (RESOURCE_ID, RESOURCE_TYPE, ROLE_ID, LAST_UPDATE_USER_ID, LAST_UPDATE_TIME) values (520, 0, 1, null, null);
insert into FCSI_RBAC_PRIVILEGE (RESOURCE_ID, RESOURCE_TYPE, ROLE_ID, LAST_UPDATE_USER_ID, LAST_UPDATE_TIME) values (540, 0, 1, null, null);
insert into FCSI_RBAC_PRIVILEGE (RESOURCE_ID, RESOURCE_TYPE, ROLE_ID, LAST_UPDATE_USER_ID, LAST_UPDATE_TIME) values (521, 0, 1, null, null);
insert into FCSI_RBAC_PRIVILEGE (RESOURCE_ID, RESOURCE_TYPE, ROLE_ID, LAST_UPDATE_USER_ID, LAST_UPDATE_TIME) values (524, 0, 1, null, null);
insert into FCSI_RBAC_PRIVILEGE (RESOURCE_ID, RESOURCE_TYPE, ROLE_ID, LAST_UPDATE_USER_ID, LAST_UPDATE_TIME) values (525, 0, 1, null, null);
insert into FCSI_RBAC_PRIVILEGE (RESOURCE_ID, RESOURCE_TYPE, ROLE_ID, LAST_UPDATE_USER_ID, LAST_UPDATE_TIME) values (526, 0, 1, null, null);
insert into FCSI_RBAC_PRIVILEGE (RESOURCE_ID, RESOURCE_TYPE, ROLE_ID, LAST_UPDATE_USER_ID, LAST_UPDATE_TIME) values (541, 0, 1, null, null);
insert into FCSI_RBAC_PRIVILEGE (RESOURCE_ID, RESOURCE_TYPE, ROLE_ID, LAST_UPDATE_USER_ID, LAST_UPDATE_TIME) values (542, 0, 1, null, null);
insert into FCSI_RBAC_PRIVILEGE (RESOURCE_ID, RESOURCE_TYPE, ROLE_ID, LAST_UPDATE_USER_ID, LAST_UPDATE_TIME) values (10000, 0, 1, null, null);
insert into FCSI_RBAC_PRIVILEGE (RESOURCE_ID, RESOURCE_TYPE, ROLE_ID, LAST_UPDATE_USER_ID, LAST_UPDATE_TIME) values (20000, 0, 1, null, null);
insert into FCSI_RBAC_PRIVILEGE (RESOURCE_ID, RESOURCE_TYPE, ROLE_ID, LAST_UPDATE_USER_ID, LAST_UPDATE_TIME) values (50000, 0, 1, null, null);
insert into FCSI_RBAC_PRIVILEGE (RESOURCE_ID, RESOURCE_TYPE, ROLE_ID, LAST_UPDATE_USER_ID, LAST_UPDATE_TIME) values (20001, 0, 1, null, null);
insert into FCSI_RBAC_PRIVILEGE (RESOURCE_ID, RESOURCE_TYPE, ROLE_ID, LAST_UPDATE_USER_ID, LAST_UPDATE_TIME) values (20002, 0, 1, null, null);
insert into FCSI_RBAC_PRIVILEGE (RESOURCE_ID, RESOURCE_TYPE, ROLE_ID, LAST_UPDATE_USER_ID, LAST_UPDATE_TIME) values (20003, 0, 1, null, null);
insert into FCSI_RBAC_PRIVILEGE (RESOURCE_ID, RESOURCE_TYPE, ROLE_ID, LAST_UPDATE_USER_ID, LAST_UPDATE_TIME) values (50001, 0, 1, null, null);
insert into FCSI_RBAC_PRIVILEGE (RESOURCE_ID, RESOURCE_TYPE, ROLE_ID, LAST_UPDATE_USER_ID, LAST_UPDATE_TIME) values (50002, 0, 1, null, null);
insert into FCSI_RBAC_PRIVILEGE (RESOURCE_ID, RESOURCE_TYPE, ROLE_ID, LAST_UPDATE_USER_ID, LAST_UPDATE_TIME) values (50003, 0, 1, null, null);
insert into FCSI_RBAC_PRIVILEGE (RESOURCE_ID, RESOURCE_TYPE, ROLE_ID, LAST_UPDATE_USER_ID, LAST_UPDATE_TIME) values (50004, 0, 1, null, null);
insert into FCSI_RBAC_PRIVILEGE (RESOURCE_ID, RESOURCE_TYPE, ROLE_ID, LAST_UPDATE_USER_ID, LAST_UPDATE_TIME) values (50005, 0, 1, null, null);
insert into FCSI_RBAC_PRIVILEGE (RESOURCE_ID, RESOURCE_TYPE, ROLE_ID, LAST_UPDATE_USER_ID, LAST_UPDATE_TIME) values (50006, 0, 1, null, null);
insert into FCSI_RBAC_PRIVILEGE (RESOURCE_ID, RESOURCE_TYPE, ROLE_ID, LAST_UPDATE_USER_ID, LAST_UPDATE_TIME) values (50007, 0, 1, null, null);
insert into FCSI_RBAC_PRIVILEGE (RESOURCE_ID, RESOURCE_TYPE, ROLE_ID, LAST_UPDATE_USER_ID, LAST_UPDATE_TIME) values (50008, 0, 1, null, null);
insert into FCSI_RBAC_PRIVILEGE (RESOURCE_ID, RESOURCE_TYPE, ROLE_ID, LAST_UPDATE_USER_ID, LAST_UPDATE_TIME) values (1, 0, 1, null, null);
insert into FCSI_RBAC_PRIVILEGE (RESOURCE_ID, RESOURCE_TYPE, ROLE_ID, LAST_UPDATE_USER_ID, LAST_UPDATE_TIME) values (20, 0, 1, null, null);
insert into FCSI_RBAC_PRIVILEGE (RESOURCE_ID, RESOURCE_TYPE, ROLE_ID, LAST_UPDATE_USER_ID, LAST_UPDATE_TIME) values (40, 0, 1, null, null);
insert into FCSI_RBAC_PRIVILEGE (RESOURCE_ID, RESOURCE_TYPE, ROLE_ID, LAST_UPDATE_USER_ID, LAST_UPDATE_TIME) values (341, 0, 1, null, null);
insert into FCSI_RBAC_PRIVILEGE (RESOURCE_ID, RESOURCE_TYPE, ROLE_ID, LAST_UPDATE_USER_ID, LAST_UPDATE_TIME) values (60, 0, 1, null, null);
insert into FCSI_RBAC_PRIVILEGE (RESOURCE_ID, RESOURCE_TYPE, ROLE_ID, LAST_UPDATE_USER_ID, LAST_UPDATE_TIME) values (100021, 1, 1, null, null);
insert into FCSI_RBAC_PRIVILEGE (RESOURCE_ID, RESOURCE_TYPE, ROLE_ID, LAST_UPDATE_USER_ID, LAST_UPDATE_TIME) values (100022, 1, 1, null, null);
insert into FCSI_RBAC_PRIVILEGE (RESOURCE_ID, RESOURCE_TYPE, ROLE_ID, LAST_UPDATE_USER_ID, LAST_UPDATE_TIME) values (100023, 1, 1, null, null);
insert into FCSI_RBAC_PRIVILEGE (RESOURCE_ID, RESOURCE_TYPE, ROLE_ID, LAST_UPDATE_USER_ID, LAST_UPDATE_TIME) values (100024, 1, 1, null, null);
insert into FCSI_RBAC_PRIVILEGE (RESOURCE_ID, RESOURCE_TYPE, ROLE_ID, LAST_UPDATE_USER_ID, LAST_UPDATE_TIME) values (100025, 1, 1, null, null);
insert into FCSI_RBAC_PRIVILEGE (RESOURCE_ID, RESOURCE_TYPE, ROLE_ID, LAST_UPDATE_USER_ID, LAST_UPDATE_TIME) values (100031, 1, 1, null, null);
insert into FCSI_RBAC_PRIVILEGE (RESOURCE_ID, RESOURCE_TYPE, ROLE_ID, LAST_UPDATE_USER_ID, LAST_UPDATE_TIME) values (100032, 1, 1, null, null);
insert into FCSI_RBAC_PRIVILEGE (RESOURCE_ID, RESOURCE_TYPE, ROLE_ID, LAST_UPDATE_USER_ID, LAST_UPDATE_TIME) values (100033, 1, 1, null, null);
insert into FCSI_RBAC_PRIVILEGE (RESOURCE_ID, RESOURCE_TYPE, ROLE_ID, LAST_UPDATE_USER_ID, LAST_UPDATE_TIME) values (100034, 1, 1, null, null);
insert into FCSI_RBAC_PRIVILEGE (RESOURCE_ID, RESOURCE_TYPE, ROLE_ID, LAST_UPDATE_USER_ID, LAST_UPDATE_TIME) values (100035, 1, 1, null, null);
insert into FCSI_RBAC_PRIVILEGE (RESOURCE_ID, RESOURCE_TYPE, ROLE_ID, LAST_UPDATE_USER_ID, LAST_UPDATE_TIME) values (100041, 1, 1, null, null);
insert into FCSI_RBAC_PRIVILEGE (RESOURCE_ID, RESOURCE_TYPE, ROLE_ID, LAST_UPDATE_USER_ID, LAST_UPDATE_TIME) values (100042, 1, 1, null, null);
insert into FCSI_RBAC_PRIVILEGE (RESOURCE_ID, RESOURCE_TYPE, ROLE_ID, LAST_UPDATE_USER_ID, LAST_UPDATE_TIME) values (100043, 1, 1, null, null);
insert into FCSI_RBAC_PRIVILEGE (RESOURCE_ID, RESOURCE_TYPE, ROLE_ID, LAST_UPDATE_USER_ID, LAST_UPDATE_TIME) values (100044, 1, 1, null, null);
insert into FCSI_RBAC_PRIVILEGE (RESOURCE_ID, RESOURCE_TYPE, ROLE_ID, LAST_UPDATE_USER_ID, LAST_UPDATE_TIME) values (100045, 1, 1, null, null);
insert into FCSI_RBAC_PRIVILEGE (RESOURCE_ID, RESOURCE_TYPE, ROLE_ID, LAST_UPDATE_USER_ID, LAST_UPDATE_TIME) values (100046, 1, 1, null, null);
insert into FCSI_RBAC_PRIVILEGE (RESOURCE_ID, RESOURCE_TYPE, ROLE_ID, LAST_UPDATE_USER_ID, LAST_UPDATE_TIME) values (100051, 1, 1, null, null);
insert into FCSI_RBAC_PRIVILEGE (RESOURCE_ID, RESOURCE_TYPE, ROLE_ID, LAST_UPDATE_USER_ID, LAST_UPDATE_TIME) values (100061, 1, 1, null, null);
insert into FCSI_RBAC_PRIVILEGE (RESOURCE_ID, RESOURCE_TYPE, ROLE_ID, LAST_UPDATE_USER_ID, LAST_UPDATE_TIME) values (100081, 1, 1, null, null);
insert into FCSI_RBAC_PRIVILEGE (RESOURCE_ID, RESOURCE_TYPE, ROLE_ID, LAST_UPDATE_USER_ID, LAST_UPDATE_TIME) values (100082, 1, 1, null, null);
insert into FCSI_RBAC_PRIVILEGE (RESOURCE_ID, RESOURCE_TYPE, ROLE_ID, LAST_UPDATE_USER_ID, LAST_UPDATE_TIME) values (100083, 1, 1, null, null);
insert into FCSI_RBAC_PRIVILEGE (RESOURCE_ID, RESOURCE_TYPE, ROLE_ID, LAST_UPDATE_USER_ID, LAST_UPDATE_TIME) values (100084, 1, 1, null, null);
insert into FCSI_RBAC_PRIVILEGE (RESOURCE_ID, RESOURCE_TYPE, ROLE_ID, LAST_UPDATE_USER_ID, LAST_UPDATE_TIME) values (100091, 1, 1, null, null);
insert into FCSI_RBAC_PRIVILEGE (RESOURCE_ID, RESOURCE_TYPE, ROLE_ID, LAST_UPDATE_USER_ID, LAST_UPDATE_TIME) values (100092, 1, 1, null, null);
insert into FCSI_RBAC_PRIVILEGE (RESOURCE_ID, RESOURCE_TYPE, ROLE_ID, LAST_UPDATE_USER_ID, LAST_UPDATE_TIME) values (100093, 1, 1, null, null);
insert into FCSI_RBAC_PRIVILEGE (RESOURCE_ID, RESOURCE_TYPE, ROLE_ID, LAST_UPDATE_USER_ID, LAST_UPDATE_TIME) values (100101, 1, 1, null, null);
insert into FCSI_RBAC_PRIVILEGE (RESOURCE_ID, RESOURCE_TYPE, ROLE_ID, LAST_UPDATE_USER_ID, LAST_UPDATE_TIME) values (100102, 1, 1, null, null);
insert into FCSI_RBAC_PRIVILEGE (RESOURCE_ID, RESOURCE_TYPE, ROLE_ID, LAST_UPDATE_USER_ID, LAST_UPDATE_TIME) values (100103, 1, 1, null, null);
insert into FCSI_RBAC_PRIVILEGE (RESOURCE_ID, RESOURCE_TYPE, ROLE_ID, LAST_UPDATE_USER_ID, LAST_UPDATE_TIME) values (100104, 1, 1, null, null);
insert into FCSI_RBAC_PRIVILEGE (RESOURCE_ID, RESOURCE_TYPE, ROLE_ID, LAST_UPDATE_USER_ID, LAST_UPDATE_TIME) values (100105, 1, 1, null, null);
insert into FCSI_RBAC_PRIVILEGE (RESOURCE_ID, RESOURCE_TYPE, ROLE_ID, LAST_UPDATE_USER_ID, LAST_UPDATE_TIME) values (100121, 1, 1, null, null);
insert into FCSI_RBAC_PRIVILEGE (RESOURCE_ID, RESOURCE_TYPE, ROLE_ID, LAST_UPDATE_USER_ID, LAST_UPDATE_TIME) values (100141, 1, 1, null, null);
insert into FCSI_RBAC_PRIVILEGE (RESOURCE_ID, RESOURCE_TYPE, ROLE_ID, LAST_UPDATE_USER_ID, LAST_UPDATE_TIME) values (200012, 1, 1, null, null);
insert into FCSI_RBAC_PRIVILEGE (RESOURCE_ID, RESOURCE_TYPE, ROLE_ID, LAST_UPDATE_USER_ID, LAST_UPDATE_TIME) values (200031, 1, 1, null, null);
insert into FCSI_RBAC_PRIVILEGE (RESOURCE_ID, RESOURCE_TYPE, ROLE_ID, LAST_UPDATE_USER_ID, LAST_UPDATE_TIME) values (200015, 1, 1, null, null);
insert into FCSI_RBAC_PRIVILEGE (RESOURCE_ID, RESOURCE_TYPE, ROLE_ID, LAST_UPDATE_USER_ID, LAST_UPDATE_TIME) values (200016, 1, 1, null, null);
insert into FCSI_RBAC_PRIVILEGE (RESOURCE_ID, RESOURCE_TYPE, ROLE_ID, LAST_UPDATE_USER_ID, LAST_UPDATE_TIME) values (200011, 1, 1, null, null);
insert into FCSI_RBAC_PRIVILEGE (RESOURCE_ID, RESOURCE_TYPE, ROLE_ID, LAST_UPDATE_USER_ID, LAST_UPDATE_TIME) values (200013, 1, 1, null, null);
insert into FCSI_RBAC_PRIVILEGE (RESOURCE_ID, RESOURCE_TYPE, ROLE_ID, LAST_UPDATE_USER_ID, LAST_UPDATE_TIME) values (200014, 1, 1, null, null);
insert into FCSI_RBAC_PRIVILEGE (RESOURCE_ID, RESOURCE_TYPE, ROLE_ID, LAST_UPDATE_USER_ID, LAST_UPDATE_TIME) values (200021, 1, 1, null, null);
insert into FCSI_RBAC_PRIVILEGE (RESOURCE_ID, RESOURCE_TYPE, ROLE_ID, LAST_UPDATE_USER_ID, LAST_UPDATE_TIME) values (200022, 1, 1, null, null);
insert into FCSI_RBAC_PRIVILEGE (RESOURCE_ID, RESOURCE_TYPE, ROLE_ID, LAST_UPDATE_USER_ID, LAST_UPDATE_TIME) values (200023, 1, 1, null, null);
insert into FCSI_RBAC_PRIVILEGE (RESOURCE_ID, RESOURCE_TYPE, ROLE_ID, LAST_UPDATE_USER_ID, LAST_UPDATE_TIME) values (200024, 1, 1, null, null);
insert into FCSI_RBAC_PRIVILEGE (RESOURCE_ID, RESOURCE_TYPE, ROLE_ID, LAST_UPDATE_USER_ID, LAST_UPDATE_TIME) values (300041, 1, 1, null, null);
insert into FCSI_RBAC_PRIVILEGE (RESOURCE_ID, RESOURCE_TYPE, ROLE_ID, LAST_UPDATE_USER_ID, LAST_UPDATE_TIME) values (300042, 1, 1, null, null);
insert into FCSI_RBAC_PRIVILEGE (RESOURCE_ID, RESOURCE_TYPE, ROLE_ID, LAST_UPDATE_USER_ID, LAST_UPDATE_TIME) values (300043, 1, 1, null, null);
insert into FCSI_RBAC_PRIVILEGE (RESOURCE_ID, RESOURCE_TYPE, ROLE_ID, LAST_UPDATE_USER_ID, LAST_UPDATE_TIME) values (300044, 1, 1, null, null);


--  华润移植
----账户会计日期
DELETE FROM FCSI_ACCOUNTING_DATE;
insert into FCSI_ACCOUNTING_DATE(AC_DATE_ID,AC_DATE,PREVIOUS_DATE)values('CRC0001',to_date('2013-01-02','YYYY-MM-DD'),to_date('2013-01-01','YYYY-MM-DD'));

----服务码
DELETE FROM FCSI_SERVICE_PARAMETER;
insert into FCSI_SERVICE_PARAMETER (SERVICE_CODE, ACCEPTANCE_CHNL_ID, MSG_TYPE, ACCEPTANCE_SYS_ID, PROCESS_ID, PROCESS_STATUS, LOGGABLE, TX_TYPE, REVERSABLE, REVERSAL_STRATEGY, LOCAL_REVERSAL) values ('000000', 'IBNK', '2', 'EB', 's000000', 'Y', 'Y', 'N', 'N', null, null);
insert into FCSI_SERVICE_PARAMETER (SERVICE_CODE, ACCEPTANCE_CHNL_ID, MSG_TYPE, ACCEPTANCE_SYS_ID, PROCESS_ID, PROCESS_STATUS, LOGGABLE, TX_TYPE, REVERSABLE, REVERSAL_STRATEGY, LOCAL_REVERSAL) values ('toQuestionProcess', 'CNCBI', '2', 'EB', 'toQuestionProcess', 'Y', 'N', 'N', 'N', 'N', 'N');
insert into FCSI_SERVICE_PARAMETER (SERVICE_CODE, ACCEPTANCE_CHNL_ID, MSG_TYPE, ACCEPTANCE_SYS_ID, PROCESS_ID, PROCESS_STATUS, LOGGABLE, TX_TYPE, REVERSABLE, REVERSAL_STRATEGY, LOCAL_REVERSAL) values ('questionListProcess', 'CNCBI', '2', 'EB', 'questionListProcess', 'Y', 'N', 'N', 'N', 'N', 'N');
insert into FCSI_SERVICE_PARAMETER (SERVICE_CODE, ACCEPTANCE_CHNL_ID, MSG_TYPE, ACCEPTANCE_SYS_ID, PROCESS_ID, PROCESS_STATUS, LOGGABLE, TX_TYPE, REVERSABLE, REVERSAL_STRATEGY, LOCAL_REVERSAL) values ('questionUpdateProcess', 'CNCBI', '2', 'EB', 'questionUpdateProcess', 'Y', 'N', 'N', 'N', 'N', 'N');
insert into FCSI_SERVICE_PARAMETER (SERVICE_CODE, ACCEPTANCE_CHNL_ID, MSG_TYPE, ACCEPTANCE_SYS_ID, PROCESS_ID, PROCESS_STATUS, LOGGABLE, TX_TYPE, REVERSABLE, REVERSAL_STRATEGY, LOCAL_REVERSAL) values ('questionViewProcess', 'CNCBI', '2', 'EB', 'questionViewProcess', 'Y', 'N', 'N', 'N', 'N', 'N');
insert into FCSI_SERVICE_PARAMETER (SERVICE_CODE, ACCEPTANCE_CHNL_ID, MSG_TYPE, ACCEPTANCE_SYS_ID, PROCESS_ID, PROCESS_STATUS, LOGGABLE, TX_TYPE, REVERSABLE, REVERSAL_STRATEGY, LOCAL_REVERSAL) values ('questionDeleteProcess', 'CNCBI', '2', 'EB', 'questionDeleteProcess', 'Y', 'N', 'N', 'N', 'N', 'N');
insert into FCSI_SERVICE_PARAMETER (SERVICE_CODE, ACCEPTANCE_CHNL_ID, MSG_TYPE, ACCEPTANCE_SYS_ID, PROCESS_ID, PROCESS_STATUS, LOGGABLE, TX_TYPE, REVERSABLE, REVERSAL_STRATEGY, LOCAL_REVERSAL) values ('toAnswerProcess', 'CNCBI', '2', 'EB', 'toAnswerProcess', 'Y', 'N', 'N', 'N', 'N', 'N');
insert into FCSI_SERVICE_PARAMETER (SERVICE_CODE, ACCEPTANCE_CHNL_ID, MSG_TYPE, ACCEPTANCE_SYS_ID, PROCESS_ID, PROCESS_STATUS, LOGGABLE, TX_TYPE, REVERSABLE, REVERSAL_STRATEGY, LOCAL_REVERSAL) values ('answerListProcess', 'CNCBI', '2', 'EB', 'answerListProcess', 'Y', 'N', 'N', 'N', 'N', 'N');
insert into FCSI_SERVICE_PARAMETER (SERVICE_CODE, ACCEPTANCE_CHNL_ID, MSG_TYPE, ACCEPTANCE_SYS_ID, PROCESS_ID, PROCESS_STATUS, LOGGABLE, TX_TYPE, REVERSABLE, REVERSAL_STRATEGY, LOCAL_REVERSAL) values ('answerCreateProcess', 'CNCBI', '2', 'EB', 'answerCreateProcess', 'Y', 'N', 'N', 'N', 'N', 'N');
insert into FCSI_SERVICE_PARAMETER (SERVICE_CODE, ACCEPTANCE_CHNL_ID, MSG_TYPE, ACCEPTANCE_SYS_ID, PROCESS_ID, PROCESS_STATUS, LOGGABLE, TX_TYPE, REVERSABLE, REVERSAL_STRATEGY, LOCAL_REVERSAL) values ('answerUpdateProcess', 'CNCBI', '2', 'EB', 'answerUpdateProcess', 'Y', 'N', 'N', 'N', 'N', 'N');
insert into FCSI_SERVICE_PARAMETER (SERVICE_CODE, ACCEPTANCE_CHNL_ID, MSG_TYPE, ACCEPTANCE_SYS_ID, PROCESS_ID, PROCESS_STATUS, LOGGABLE, TX_TYPE, REVERSABLE, REVERSAL_STRATEGY, LOCAL_REVERSAL) values ('answerViewProcess', 'CNCBI', '2', 'EB', 'answerViewProcess', 'Y', 'N', 'N', 'N', 'N', 'N');
insert into FCSI_SERVICE_PARAMETER (SERVICE_CODE, ACCEPTANCE_CHNL_ID, MSG_TYPE, ACCEPTANCE_SYS_ID, PROCESS_ID, PROCESS_STATUS, LOGGABLE, TX_TYPE, REVERSABLE, REVERSAL_STRATEGY, LOCAL_REVERSAL) values ('answerDeleteProcess', 'CNCBI', '2', 'EB', 'answerDeleteProcess', 'Y', 'N', 'N', 'N', 'N', 'N');
insert into FCSI_SERVICE_PARAMETER (SERVICE_CODE, ACCEPTANCE_CHNL_ID, MSG_TYPE, ACCEPTANCE_SYS_ID, PROCESS_ID, PROCESS_STATUS, LOGGABLE, TX_TYPE, REVERSABLE, REVERSAL_STRATEGY, LOCAL_REVERSAL) values ('questionTypeSelectProcess', 'CNCBI', '2', 'EB', 'questionTypeSelectProcess', 'Y', 'N', 'N', 'N', 'N', 'N');
insert into FCSI_SERVICE_PARAMETER (SERVICE_CODE, ACCEPTANCE_CHNL_ID, MSG_TYPE, ACCEPTANCE_SYS_ID, PROCESS_ID, PROCESS_STATUS, LOGGABLE, TX_TYPE, REVERSABLE, REVERSAL_STRATEGY, LOCAL_REVERSAL) values ('questionCreateProcess', 'CNCBI', '2', 'EB', 'questionCreateProcess', 'Y', 'N', 'N', 'N', 'N', 'N');
insert into FCSI_SERVICE_PARAMETER (SERVICE_CODE, ACCEPTANCE_CHNL_ID, MSG_TYPE, ACCEPTANCE_SYS_ID, PROCESS_ID, PROCESS_STATUS, LOGGABLE, TX_TYPE, REVERSABLE, REVERSAL_STRATEGY, LOCAL_REVERSAL) values ('toQuestionCreateProcess', 'CNCBI', '2', 'EB', 'toQuestionCreateProcess', 'Y', 'N', 'N', 'N', 'N', 'N');
insert into FCSI_SERVICE_PARAMETER (SERVICE_CODE, ACCEPTANCE_CHNL_ID, MSG_TYPE, ACCEPTANCE_SYS_ID, PROCESS_ID, PROCESS_STATUS, LOGGABLE, TX_TYPE, REVERSABLE, REVERSAL_STRATEGY, LOCAL_REVERSAL) values ('askListProcess', 'CNCBI', '2', 'EB', 'askListProcess', 'Y', 'N', 'N', 'N', 'N', 'N');
insert into FCSI_SERVICE_PARAMETER (SERVICE_CODE, ACCEPTANCE_CHNL_ID, MSG_TYPE, ACCEPTANCE_SYS_ID, PROCESS_ID, PROCESS_STATUS, LOGGABLE, TX_TYPE, REVERSABLE, REVERSAL_STRATEGY, LOCAL_REVERSAL) values ('askCreateProcess', 'CNCBI', '2', 'EB', 'askCreateProcess', 'Y', 'N', 'N', 'N', 'N', 'N');
insert into FCSI_SERVICE_PARAMETER (SERVICE_CODE, ACCEPTANCE_CHNL_ID, MSG_TYPE, ACCEPTANCE_SYS_ID, PROCESS_ID, PROCESS_STATUS, LOGGABLE, TX_TYPE, REVERSABLE, REVERSAL_STRATEGY, LOCAL_REVERSAL) values ('askUpdateProcess', 'CNCBI', '2', 'EB', 'askUpdateProcess', 'Y', 'N', 'N', 'N', 'N', 'N');
insert into FCSI_SERVICE_PARAMETER (SERVICE_CODE, ACCEPTANCE_CHNL_ID, MSG_TYPE, ACCEPTANCE_SYS_ID, PROCESS_ID, PROCESS_STATUS, LOGGABLE, TX_TYPE, REVERSABLE, REVERSAL_STRATEGY, LOCAL_REVERSAL) values ('toAskProcess', 'CNCBI', '2', 'EB', 'toAskProcess', 'Y', 'N', 'N', 'N', 'N', 'N');
insert into FCSI_SERVICE_PARAMETER (SERVICE_CODE, ACCEPTANCE_CHNL_ID, MSG_TYPE, ACCEPTANCE_SYS_ID, PROCESS_ID, PROCESS_STATUS, LOGGABLE, TX_TYPE, REVERSABLE, REVERSAL_STRATEGY, LOCAL_REVERSAL) values ('toAskAnswerProcess', 'CNCBI', '2', 'EB', 'toAskAnswerProcess', 'Y', 'N', 'N', 'N', 'N', 'N');
insert into FCSI_SERVICE_PARAMETER (SERVICE_CODE, ACCEPTANCE_CHNL_ID, MSG_TYPE, ACCEPTANCE_SYS_ID, PROCESS_ID, PROCESS_STATUS, LOGGABLE, TX_TYPE, REVERSABLE, REVERSAL_STRATEGY, LOCAL_REVERSAL) values ('askViewProcess', 'CNCBI', '2', 'EB', 'askViewProcess', 'Y', 'N', 'N', 'N', 'N', 'N');
insert into FCSI_SERVICE_PARAMETER (SERVICE_CODE, ACCEPTANCE_CHNL_ID, MSG_TYPE, ACCEPTANCE_SYS_ID, PROCESS_ID, PROCESS_STATUS, LOGGABLE, TX_TYPE, REVERSABLE, REVERSAL_STRATEGY, LOCAL_REVERSAL) values ('toAnswerCreateProcess', 'CNCBI', '2', 'EB', 'toAnswerCreateProcess', 'Y', 'N', 'N', 'N', 'N', 'N');
insert into FCSI_SERVICE_PARAMETER (SERVICE_CODE, ACCEPTANCE_CHNL_ID, MSG_TYPE, ACCEPTANCE_SYS_ID, PROCESS_ID, PROCESS_STATUS, LOGGABLE, TX_TYPE, REVERSABLE, REVERSAL_STRATEGY, LOCAL_REVERSAL) values ('getAnswerSelectProcess', 'CNCBI', '2', 'EB', 'getAnswerSelectProcess', 'Y', 'N', 'N', 'N', 'N', 'N');
insert into FCSI_SERVICE_PARAMETER (SERVICE_CODE, ACCEPTANCE_CHNL_ID, MSG_TYPE, ACCEPTANCE_SYS_ID, PROCESS_ID, PROCESS_STATUS, LOGGABLE, TX_TYPE, REVERSABLE, REVERSAL_STRATEGY, LOCAL_REVERSAL) values ('toCollectionQuestionProcess', 'CNCBI', '2', 'EB', 'toCollectionQuestionProcess', 'Y', 'N', 'N', 'N', 'N', 'N');
insert into FCSI_SERVICE_PARAMETER (SERVICE_CODE, ACCEPTANCE_CHNL_ID, MSG_TYPE, ACCEPTANCE_SYS_ID, PROCESS_ID, PROCESS_STATUS, LOGGABLE, TX_TYPE, REVERSABLE, REVERSAL_STRATEGY, LOCAL_REVERSAL) values ('collectQuestionListProcess', 'CNCBI', '2', 'EB', 'collectQuestionListProcess', 'Y', 'N', 'N', 'N', 'N', 'N');
insert into FCSI_SERVICE_PARAMETER (SERVICE_CODE, ACCEPTANCE_CHNL_ID, MSG_TYPE, ACCEPTANCE_SYS_ID, PROCESS_ID, PROCESS_STATUS, LOGGABLE, TX_TYPE, REVERSABLE, REVERSAL_STRATEGY, LOCAL_REVERSAL) values ('toCollectQuestionProcess', 'CNCBI', '2', 'EB', 'toCollectQuestionProcess', 'Y', 'N', 'N', 'N', 'N', 'N');
insert into FCSI_SERVICE_PARAMETER (SERVICE_CODE, ACCEPTANCE_CHNL_ID, MSG_TYPE, ACCEPTANCE_SYS_ID, PROCESS_ID, PROCESS_STATUS, LOGGABLE, TX_TYPE, REVERSABLE, REVERSAL_STRATEGY, LOCAL_REVERSAL) values ('toUnauthor', 'CNCBI', '2', 'EB', 'toUnauthor', 'Y', 'N', 'N', 'N', 'N', 'N');
insert into FCSI_SERVICE_PARAMETER (SERVICE_CODE, ACCEPTANCE_CHNL_ID, MSG_TYPE, ACCEPTANCE_SYS_ID, PROCESS_ID, PROCESS_STATUS, LOGGABLE, TX_TYPE, REVERSABLE, REVERSAL_STRATEGY, LOCAL_REVERSAL) values ('toQuestionTypeProcess', 'CNCBI', '2', 'EB', 'toQuestionTypeProcess', 'Y', 'N', 'N', 'N', 'N', 'N');
insert into FCSI_SERVICE_PARAMETER (SERVICE_CODE, ACCEPTANCE_CHNL_ID, MSG_TYPE, ACCEPTANCE_SYS_ID, PROCESS_ID, PROCESS_STATUS, LOGGABLE, TX_TYPE, REVERSABLE, REVERSAL_STRATEGY, LOCAL_REVERSAL) values ('questionTypeListProcess', 'CNCBI', '2', 'EB', 'questionTypeListProcess', 'Y', 'N', 'N', 'N', 'N', 'N');
insert into FCSI_SERVICE_PARAMETER (SERVICE_CODE, ACCEPTANCE_CHNL_ID, MSG_TYPE, ACCEPTANCE_SYS_ID, PROCESS_ID, PROCESS_STATUS, LOGGABLE, TX_TYPE, REVERSABLE, REVERSAL_STRATEGY, LOCAL_REVERSAL) values ('getImage', 'IBNK', '2', 'EB', 'getImage', 'Y', 'N', 'N', 'N', null, null);
insert into FCSI_SERVICE_PARAMETER (SERVICE_CODE, ACCEPTANCE_CHNL_ID, MSG_TYPE, ACCEPTANCE_SYS_ID, PROCESS_ID, PROCESS_STATUS, LOGGABLE, TX_TYPE, REVERSABLE, REVERSAL_STRATEGY, LOCAL_REVERSAL) values ('4004', 'IBNK', '2', 'EB', 'transform', 'Y', 'N', 'N', 'N', null, null);
insert into FCSI_SERVICE_PARAMETER (SERVICE_CODE, ACCEPTANCE_CHNL_ID, MSG_TYPE, ACCEPTANCE_SYS_ID, PROCESS_ID, PROCESS_STATUS, LOGGABLE, TX_TYPE, REVERSABLE, REVERSAL_STRATEGY, LOCAL_REVERSAL) values ('pageBindCard', 'IBNK', '2', 'EB', 'pageBindCard', 'Y', 'N', 'N', 'N', null, null);
insert into FCSI_SERVICE_PARAMETER (SERVICE_CODE, ACCEPTANCE_CHNL_ID, MSG_TYPE, ACCEPTANCE_SYS_ID, PROCESS_ID, PROCESS_STATUS, LOGGABLE, TX_TYPE, REVERSABLE, REVERSAL_STRATEGY, LOCAL_REVERSAL) values ('4002', 'IBNK', '2', 'EB', 'transform', 'Y', 'N', 'N', 'N', null, null);
insert into FCSI_SERVICE_PARAMETER (SERVICE_CODE, ACCEPTANCE_CHNL_ID, MSG_TYPE, ACCEPTANCE_SYS_ID, PROCESS_ID, PROCESS_STATUS, LOGGABLE, TX_TYPE, REVERSABLE, REVERSAL_STRATEGY, LOCAL_REVERSAL) values ('4005', 'IBNK', '2', 'EB', 'transform', 'Y', 'N', 'N', 'N', null, null);
insert into FCSI_SERVICE_PARAMETER (SERVICE_CODE, ACCEPTANCE_CHNL_ID, MSG_TYPE, ACCEPTANCE_SYS_ID, PROCESS_ID, PROCESS_STATUS, LOGGABLE, TX_TYPE, REVERSABLE, REVERSAL_STRATEGY, LOCAL_REVERSAL) values ('4006', 'IBNK', '2', 'EB', 'transform', 'Y', 'N', 'N', 'N', null, null);
insert into FCSI_SERVICE_PARAMETER (SERVICE_CODE, ACCEPTANCE_CHNL_ID, MSG_TYPE, ACCEPTANCE_SYS_ID, PROCESS_ID, PROCESS_STATUS, LOGGABLE, TX_TYPE, REVERSABLE, REVERSAL_STRATEGY, LOCAL_REVERSAL) values ('4007', 'IBNK', '2', 'EB', 'transform', 'Y', 'N', 'N', 'N', null, null);
insert into FCSI_SERVICE_PARAMETER (SERVICE_CODE, ACCEPTANCE_CHNL_ID, MSG_TYPE, ACCEPTANCE_SYS_ID, PROCESS_ID, PROCESS_STATUS, LOGGABLE, TX_TYPE, REVERSABLE, REVERSAL_STRATEGY, LOCAL_REVERSAL) values ('4001', 'IBNK', '2', 'EB', 'transform', 'Y', 'N', 'N', 'N', null, null);
insert into FCSI_SERVICE_PARAMETER (SERVICE_CODE, ACCEPTANCE_CHNL_ID, MSG_TYPE, ACCEPTANCE_SYS_ID, PROCESS_ID, PROCESS_STATUS, LOGGABLE, TX_TYPE, REVERSABLE, REVERSAL_STRATEGY, LOCAL_REVERSAL) values ('pageActiveCreditCard', 'IBNK', '2', 'EB', 'pageActiveCreditCard', 'Y', 'N', 'N', 'N', null, null);
insert into FCSI_SERVICE_PARAMETER (SERVICE_CODE, ACCEPTANCE_CHNL_ID, MSG_TYPE, ACCEPTANCE_SYS_ID, PROCESS_ID, PROCESS_STATUS, LOGGABLE, TX_TYPE, REVERSABLE, REVERSAL_STRATEGY, LOCAL_REVERSAL) values ('pageActivePayment', 'IBNK', '2', 'EB', 'pageActivePayment', 'Y', 'N', 'N', 'N', null, null);
insert into FCSI_SERVICE_PARAMETER (SERVICE_CODE, ACCEPTANCE_CHNL_ID, MSG_TYPE, ACCEPTANCE_SYS_ID, PROCESS_ID, PROCESS_STATUS, LOGGABLE, TX_TYPE, REVERSABLE, REVERSAL_STRATEGY, LOCAL_REVERSAL) values ('marketInfo', 'IBNK', '2', 'EB', 'marketInfo', 'Y', 'N', 'N', 'N', null, null);
insert into FCSI_SERVICE_PARAMETER (SERVICE_CODE, ACCEPTANCE_CHNL_ID, MSG_TYPE, ACCEPTANCE_SYS_ID, PROCESS_ID, PROCESS_STATUS, LOGGABLE, TX_TYPE, REVERSABLE, REVERSAL_STRATEGY, LOCAL_REVERSAL) values ('fwdPageByBindCard', 'IBNK', '2', 'EB', 'fwdPageByBindCard', 'Y', 'N', 'N', 'N', null, null);
insert into FCSI_SERVICE_PARAMETER (SERVICE_CODE, ACCEPTANCE_CHNL_ID, MSG_TYPE, ACCEPTANCE_SYS_ID, PROCESS_ID, PROCESS_STATUS, LOGGABLE, TX_TYPE, REVERSABLE, REVERSAL_STRATEGY, LOCAL_REVERSAL) values ('marketingSubinfoManageProcess', 'IBNK', '2', 'EB', 'marketingSubinfoManageProcess', 'Y', 'N', 'N', 'N', null, null);
insert into FCSI_SERVICE_PARAMETER (SERVICE_CODE, ACCEPTANCE_CHNL_ID, MSG_TYPE, ACCEPTANCE_SYS_ID, PROCESS_ID, PROCESS_STATUS, LOGGABLE, TX_TYPE, REVERSABLE, REVERSAL_STRATEGY, LOCAL_REVERSAL) values ('queryMarketTypeInfo', 'IBNK', '2', 'EB', 'queryMarketTypeInfo', 'Y', 'N', 'N', 'N', null, null);
insert into FCSI_SERVICE_PARAMETER (SERVICE_CODE, ACCEPTANCE_CHNL_ID, MSG_TYPE, ACCEPTANCE_SYS_ID, PROCESS_ID, PROCESS_STATUS, LOGGABLE, TX_TYPE, REVERSABLE, REVERSAL_STRATEGY, LOCAL_REVERSAL) values ('marketTypeSelect', 'IBNK', '2', 'EB', 'marketTypeSelect', 'Y', 'N', 'N', 'N', null, null);
insert into FCSI_SERVICE_PARAMETER (SERVICE_CODE, ACCEPTANCE_CHNL_ID, MSG_TYPE, ACCEPTANCE_SYS_ID, PROCESS_ID, PROCESS_STATUS, LOGGABLE, TX_TYPE, REVERSABLE, REVERSAL_STRATEGY, LOCAL_REVERSAL) values ('details', 'IBNK', '2', 'EB', 'unSentBillDetail', 'Y', 'N', 'N', 'N', null, null);
insert into FCSI_SERVICE_PARAMETER (SERVICE_CODE, ACCEPTANCE_CHNL_ID, MSG_TYPE, ACCEPTANCE_SYS_ID, PROCESS_ID, PROCESS_STATUS, LOGGABLE, TX_TYPE, REVERSABLE, REVERSAL_STRATEGY, LOCAL_REVERSAL) values ('favourableList', 'IBNK', '2', 'EB', 'favourableList', 'Y', 'N', 'N', 'N', null, null);
insert into FCSI_SERVICE_PARAMETER (SERVICE_CODE, ACCEPTANCE_CHNL_ID, MSG_TYPE, ACCEPTANCE_SYS_ID, PROCESS_ID, PROCESS_STATUS, LOGGABLE, TX_TYPE, REVERSABLE, REVERSAL_STRATEGY, LOCAL_REVERSAL) values ('favourable', 'IBNK', '2', 'EB', 'favourable', 'Y', 'N', 'N', 'N', null, null);
insert into FCSI_SERVICE_PARAMETER (SERVICE_CODE, ACCEPTANCE_CHNL_ID, MSG_TYPE, ACCEPTANCE_SYS_ID, PROCESS_ID, PROCESS_STATUS, LOGGABLE, TX_TYPE, REVERSABLE, REVERSAL_STRATEGY, LOCAL_REVERSAL) values ('couponPublish', 'IBNK', '2', 'EB', 'couponPublish', 'Y', 'N', 'N', 'N', null, null);
insert into FCSI_SERVICE_PARAMETER (SERVICE_CODE, ACCEPTANCE_CHNL_ID, MSG_TYPE, ACCEPTANCE_SYS_ID, PROCESS_ID, PROCESS_STATUS, LOGGABLE, TX_TYPE, REVERSABLE, REVERSAL_STRATEGY, LOCAL_REVERSAL) values ('auditingProcess', 'IBNK', '2', 'EB', 'auditingProcess', 'Y', 'N', 'N', 'N', null, null);
insert into FCSI_SERVICE_PARAMETER (SERVICE_CODE, ACCEPTANCE_CHNL_ID, MSG_TYPE, ACCEPTANCE_SYS_ID, PROCESS_ID, PROCESS_STATUS, LOGGABLE, TX_TYPE, REVERSABLE, REVERSAL_STRATEGY, LOCAL_REVERSAL) values ('skimList', 'IBNK', '2', 'EB', 'skimList', 'Y', 'N', 'N', 'N', null, null);
insert into FCSI_SERVICE_PARAMETER (SERVICE_CODE, ACCEPTANCE_CHNL_ID, MSG_TYPE, ACCEPTANCE_SYS_ID, PROCESS_ID, PROCESS_STATUS, LOGGABLE, TX_TYPE, REVERSABLE, REVERSAL_STRATEGY, LOCAL_REVERSAL) values ('previewMarket', 'IBNK', '2', 'EB', 'previewMarket', 'Y', 'N', 'N', 'N', null, null);
insert into FCSI_SERVICE_PARAMETER (SERVICE_CODE, ACCEPTANCE_CHNL_ID, MSG_TYPE, ACCEPTANCE_SYS_ID, PROCESS_ID, PROCESS_STATUS, LOGGABLE, TX_TYPE, REVERSABLE, REVERSAL_STRATEGY, LOCAL_REVERSAL) values ('skimFavourable', 'IBNK', '2', 'EB', 'skimFavourable', 'Y', 'N', 'N', 'N', null, null);
insert into FCSI_SERVICE_PARAMETER (SERVICE_CODE, ACCEPTANCE_CHNL_ID, MSG_TYPE, ACCEPTANCE_SYS_ID, PROCESS_ID, PROCESS_STATUS, LOGGABLE, TX_TYPE, REVERSABLE, REVERSAL_STRATEGY, LOCAL_REVERSAL) values ('checkFavourable', 'IBNK', '2', 'EB', 'checkFavourable', 'Y', 'N', 'N', 'N', null, null);
insert into FCSI_SERVICE_PARAMETER (SERVICE_CODE, ACCEPTANCE_CHNL_ID, MSG_TYPE, ACCEPTANCE_SYS_ID, PROCESS_ID, PROCESS_STATUS, LOGGABLE, TX_TYPE, REVERSABLE, REVERSAL_STRATEGY, LOCAL_REVERSAL) values ('createFavourable', 'IBNK', '2', 'EB', 'createFavourable', 'Y', 'N', 'N', 'N', null, null);
insert into FCSI_SERVICE_PARAMETER (SERVICE_CODE, ACCEPTANCE_CHNL_ID, MSG_TYPE, ACCEPTANCE_SYS_ID, PROCESS_ID, PROCESS_STATUS, LOGGABLE, TX_TYPE, REVERSABLE, REVERSAL_STRATEGY, LOCAL_REVERSAL) values ('getFavourable', 'IBNK', '2', 'EB', 'getFavourable', 'Y', 'N', 'N', 'N', null, null);
insert into FCSI_SERVICE_PARAMETER (SERVICE_CODE, ACCEPTANCE_CHNL_ID, MSG_TYPE, ACCEPTANCE_SYS_ID, PROCESS_ID, PROCESS_STATUS, LOGGABLE, TX_TYPE, REVERSABLE, REVERSAL_STRATEGY, LOCAL_REVERSAL) values ('couponUpdate', 'IBNK', '2', 'EB', 'couponUpdate', 'Y', 'N', 'N', 'N', null, null);
insert into FCSI_SERVICE_PARAMETER (SERVICE_CODE, ACCEPTANCE_CHNL_ID, MSG_TYPE, ACCEPTANCE_SYS_ID, PROCESS_ID, PROCESS_STATUS, LOGGABLE, TX_TYPE, REVERSABLE, REVERSAL_STRATEGY, LOCAL_REVERSAL) values ('updateFavourable', 'IBNK', '2', 'EB', 'updateFavourable', 'Y', 'N', 'N', 'N', null, null);
insert into FCSI_SERVICE_PARAMETER (SERVICE_CODE, ACCEPTANCE_CHNL_ID, MSG_TYPE, ACCEPTANCE_SYS_ID, PROCESS_ID, PROCESS_STATUS, LOGGABLE, TX_TYPE, REVERSABLE, REVERSAL_STRATEGY, LOCAL_REVERSAL) values ('couponInvalid', 'IBNK', '2', 'EB', 'couponInvalid', 'Y', 'N', 'N', 'N', null, null);
insert into FCSI_SERVICE_PARAMETER (SERVICE_CODE, ACCEPTANCE_CHNL_ID, MSG_TYPE, ACCEPTANCE_SYS_ID, PROCESS_ID, PROCESS_STATUS, LOGGABLE, TX_TYPE, REVERSABLE, REVERSAL_STRATEGY, LOCAL_REVERSAL) values ('invalidFavourable', 'IBNK', '2', 'EB', 'invalidFavourable', 'Y', 'N', 'N', 'N', null, null);
insert into FCSI_SERVICE_PARAMETER (SERVICE_CODE, ACCEPTANCE_CHNL_ID, MSG_TYPE, ACCEPTANCE_SYS_ID, PROCESS_ID, PROCESS_STATUS, LOGGABLE, TX_TYPE, REVERSABLE, REVERSAL_STRATEGY, LOCAL_REVERSAL) values ('favourableDetail', 'IBNK', '2', 'EB', 'favourableDetail', 'Y', 'N', 'N', 'N', null, null);
insert into FCSI_SERVICE_PARAMETER (SERVICE_CODE, ACCEPTANCE_CHNL_ID, MSG_TYPE, ACCEPTANCE_SYS_ID, PROCESS_ID, PROCESS_STATUS, LOGGABLE, TX_TYPE, REVERSABLE, REVERSAL_STRATEGY, LOCAL_REVERSAL) values ('favourableVerifyDetail', 'IBNK', '2', 'EB', 'favourableVerifyDetail', 'Y', 'N', 'N', 'N', null, null);
insert into FCSI_SERVICE_PARAMETER (SERVICE_CODE, ACCEPTANCE_CHNL_ID, MSG_TYPE, ACCEPTANCE_SYS_ID, PROCESS_ID, PROCESS_STATUS, LOGGABLE, TX_TYPE, REVERSABLE, REVERSAL_STRATEGY, LOCAL_REVERSAL) values ('favourableVerify', 'IBNK', '2', 'EB', 'favourableVerify', 'Y', 'N', 'N', 'N', null, null);
insert into FCSI_SERVICE_PARAMETER (SERVICE_CODE, ACCEPTANCE_CHNL_ID, MSG_TYPE, ACCEPTANCE_SYS_ID, PROCESS_ID, PROCESS_STATUS, LOGGABLE, TX_TYPE, REVERSABLE, REVERSAL_STRATEGY, LOCAL_REVERSAL) values ('publishFavourable', 'IBNK', '2', 'EB', 'publishFavourable', 'Y', 'N', 'N', 'N', null, null);
insert into FCSI_SERVICE_PARAMETER (SERVICE_CODE, ACCEPTANCE_CHNL_ID, MSG_TYPE, ACCEPTANCE_SYS_ID, PROCESS_ID, PROCESS_STATUS, LOGGABLE, TX_TYPE, REVERSABLE, REVERSAL_STRATEGY, LOCAL_REVERSAL) values ('uploadExcel', 'IBNK', '2', 'EB', 'uploadExcel', 'Y', 'N', 'N', 'N', null, null);
insert into FCSI_SERVICE_PARAMETER (SERVICE_CODE, ACCEPTANCE_CHNL_ID, MSG_TYPE, ACCEPTANCE_SYS_ID, PROCESS_ID, PROCESS_STATUS, LOGGABLE, TX_TYPE, REVERSABLE, REVERSAL_STRATEGY, LOCAL_REVERSAL) values ('couponDetail', 'IBNK', '2', 'EB', 'couponDetail', 'Y', 'N', 'N', 'N', null, null);
insert into FCSI_SERVICE_PARAMETER (SERVICE_CODE, ACCEPTANCE_CHNL_ID, MSG_TYPE, ACCEPTANCE_SYS_ID, PROCESS_ID, PROCESS_STATUS, LOGGABLE, TX_TYPE, REVERSABLE, REVERSAL_STRATEGY, LOCAL_REVERSAL) values ('couponUseDetail', 'IBNK', '2', 'EB', 'couponUseDetail', 'Y', 'N', 'N', 'N', null, null);
insert into FCSI_SERVICE_PARAMETER (SERVICE_CODE, ACCEPTANCE_CHNL_ID, MSG_TYPE, ACCEPTANCE_SYS_ID, PROCESS_ID, PROCESS_STATUS, LOGGABLE, TX_TYPE, REVERSABLE, REVERSAL_STRATEGY, LOCAL_REVERSAL) values ('favourableUseDetail', 'IBNK', '2', 'EB', 'favourableUseDetail', 'Y', 'N', 'N', 'N', null, null);
insert into FCSI_SERVICE_PARAMETER (SERVICE_CODE, ACCEPTANCE_CHNL_ID, MSG_TYPE, ACCEPTANCE_SYS_ID, PROCESS_ID, PROCESS_STATUS, LOGGABLE, TX_TYPE, REVERSABLE, REVERSAL_STRATEGY, LOCAL_REVERSAL) values ('cancelFavourableIntro', 'VUI', '2', 'EB', 'cancelFavourableIntro', 'Y', 'Y', 'N', 'N', 'N', 'N');
insert into FCSI_SERVICE_PARAMETER (SERVICE_CODE, ACCEPTANCE_CHNL_ID, MSG_TYPE, ACCEPTANCE_SYS_ID, PROCESS_ID, PROCESS_STATUS, LOGGABLE, TX_TYPE, REVERSABLE, REVERSAL_STRATEGY, LOCAL_REVERSAL) values ('getFavourableIntro', 'VUI', '2', 'EB', 'getFavourableIntro', 'Y', 'Y', 'N', 'N', 'N', 'N');
insert into FCSI_SERVICE_PARAMETER (SERVICE_CODE, ACCEPTANCE_CHNL_ID, MSG_TYPE, ACCEPTANCE_SYS_ID, PROCESS_ID, PROCESS_STATUS, LOGGABLE, TX_TYPE, REVERSABLE, REVERSAL_STRATEGY, LOCAL_REVERSAL) values ('updateFavourableIntro', 'VUI', '2', 'EB', 'updateFavourableIntro', 'Y', 'Y', 'N', 'N', 'N', 'N');
insert into FCSI_SERVICE_PARAMETER (SERVICE_CODE, ACCEPTANCE_CHNL_ID, MSG_TYPE, ACCEPTANCE_SYS_ID, PROCESS_ID, PROCESS_STATUS, LOGGABLE, TX_TYPE, REVERSABLE, REVERSAL_STRATEGY, LOCAL_REVERSAL) values ('queryFavourableIntro', 'IBNK', '2', 'EB', 'queryFavourableIntro', 'Y', 'N', 'N', 'N', null, null);
insert into FCSI_SERVICE_PARAMETER (SERVICE_CODE, ACCEPTANCE_CHNL_ID, MSG_TYPE, ACCEPTANCE_SYS_ID, PROCESS_ID, PROCESS_STATUS, LOGGABLE, TX_TYPE, REVERSABLE, REVERSAL_STRATEGY, LOCAL_REVERSAL) values ('insertFavourableIntro', 'IBNK', '2', 'EB', 'insertFavourableIntro', 'Y', 'N', 'N', 'N', null, null);
insert into FCSI_SERVICE_PARAMETER (SERVICE_CODE, ACCEPTANCE_CHNL_ID, MSG_TYPE, ACCEPTANCE_SYS_ID, PROCESS_ID, PROCESS_STATUS, LOGGABLE, TX_TYPE, REVERSABLE, REVERSAL_STRATEGY, LOCAL_REVERSAL) values ('deleteFavourableIntro', 'IBNK', '2', 'EB', 'deleteFavourableIntro', 'Y', 'N', 'N', 'N', null, null);
insert into FCSI_SERVICE_PARAMETER (SERVICE_CODE, ACCEPTANCE_CHNL_ID, MSG_TYPE, ACCEPTANCE_SYS_ID, PROCESS_ID, PROCESS_STATUS, LOGGABLE, TX_TYPE, REVERSABLE, REVERSAL_STRATEGY, LOCAL_REVERSAL) values ('publishFavourableIntro', 'IBNK', '2', 'EB', 'publishFavourableIntro', 'Y', 'N', 'N', 'N', null, null);
insert into FCSI_SERVICE_PARAMETER (SERVICE_CODE, ACCEPTANCE_CHNL_ID, MSG_TYPE, ACCEPTANCE_SYS_ID, PROCESS_ID, PROCESS_STATUS, LOGGABLE, TX_TYPE, REVERSABLE, REVERSAL_STRATEGY, LOCAL_REVERSAL) values ('favourableIntro', 'IBNK', '2', 'EB', 'favourableIntro', 'Y', 'N', 'N', 'N', null, null);
insert into FCSI_SERVICE_PARAMETER (SERVICE_CODE, ACCEPTANCE_CHNL_ID, MSG_TYPE, ACCEPTANCE_SYS_ID, PROCESS_ID, PROCESS_STATUS, LOGGABLE, TX_TYPE, REVERSABLE, REVERSAL_STRATEGY, LOCAL_REVERSAL) values ('signUser', 'IBNK', '2', 'EB', 'signUser', 'Y', 'N', 'N', 'N', null, null);
insert into FCSI_SERVICE_PARAMETER (SERVICE_CODE, ACCEPTANCE_CHNL_ID, MSG_TYPE, ACCEPTANCE_SYS_ID, PROCESS_ID, PROCESS_STATUS, LOGGABLE, TX_TYPE, REVERSABLE, REVERSAL_STRATEGY, LOCAL_REVERSAL) values ('activePayment', 'IBNK', '2', 'EB', 'activePayment', 'Y', 'N', 'N', 'N', null, null);
insert into FCSI_SERVICE_PARAMETER (SERVICE_CODE, ACCEPTANCE_CHNL_ID, MSG_TYPE, ACCEPTANCE_SYS_ID, PROCESS_ID, PROCESS_STATUS, LOGGABLE, TX_TYPE, REVERSABLE, REVERSAL_STRATEGY, LOCAL_REVERSAL) values ('getBindCardList', 'IBNK', '2', 'EB', 'getBindCardList', 'Y', 'N', 'N', 'N', null, null);
insert into FCSI_SERVICE_PARAMETER (SERVICE_CODE, ACCEPTANCE_CHNL_ID, MSG_TYPE, ACCEPTANCE_SYS_ID, PROCESS_ID, PROCESS_STATUS, LOGGABLE, TX_TYPE, REVERSABLE, REVERSAL_STRATEGY, LOCAL_REVERSAL) values ('subscribe', 'IBNK', '2', 'EB', 'subscribe', 'Y', 'N', 'N', 'N', null, null);
insert into FCSI_SERVICE_PARAMETER (SERVICE_CODE, ACCEPTANCE_CHNL_ID, MSG_TYPE, ACCEPTANCE_SYS_ID, PROCESS_ID, PROCESS_STATUS, LOGGABLE, TX_TYPE, REVERSABLE, REVERSAL_STRATEGY, LOCAL_REVERSAL) values ('unsubscribe', 'IBNK', '2', 'EB', 'unsubscribe', 'Y', 'N', 'N', 'N', null, null);
insert into FCSI_SERVICE_PARAMETER (SERVICE_CODE, ACCEPTANCE_CHNL_ID, MSG_TYPE, ACCEPTANCE_SYS_ID, PROCESS_ID, PROCESS_STATUS, LOGGABLE, TX_TYPE, REVERSABLE, REVERSAL_STRATEGY, LOCAL_REVERSAL) values ('creditLimit', 'IBNK', '2', 'EB', 'creditLimit', 'Y', 'N', 'N', 'N', null, null);
insert into FCSI_SERVICE_PARAMETER (SERVICE_CODE, ACCEPTANCE_CHNL_ID, MSG_TYPE, ACCEPTANCE_SYS_ID, PROCESS_ID, PROCESS_STATUS, LOGGABLE, TX_TYPE, REVERSABLE, REVERSAL_STRATEGY, LOCAL_REVERSAL) values ('userBindCard', 'IBNK', '2', 'EB', 'userBindCard', 'Y', 'N', 'N', 'N', null, null);
insert into FCSI_SERVICE_PARAMETER (SERVICE_CODE, ACCEPTANCE_CHNL_ID, MSG_TYPE, ACCEPTANCE_SYS_ID, PROCESS_ID, PROCESS_STATUS, LOGGABLE, TX_TYPE, REVERSABLE, REVERSAL_STRATEGY, LOCAL_REVERSAL) values ('userRemoveCard', 'IBNK', '2', 'EB', 'userRemoveCard', 'Y', 'N', 'N', 'N', null, null);
insert into FCSI_SERVICE_PARAMETER (SERVICE_CODE, ACCEPTANCE_CHNL_ID, MSG_TYPE, ACCEPTANCE_SYS_ID, PROCESS_ID, PROCESS_STATUS, LOGGABLE, TX_TYPE, REVERSABLE, REVERSAL_STRATEGY, LOCAL_REVERSAL) values ('getOTP', 'IBNK', '2', 'EB', 'getOTP', 'Y', 'N', 'N', 'N', null, null);
insert into FCSI_SERVICE_PARAMETER (SERVICE_CODE, ACCEPTANCE_CHNL_ID, MSG_TYPE, ACCEPTANCE_SYS_ID, PROCESS_ID, PROCESS_STATUS, LOGGABLE, TX_TYPE, REVERSABLE, REVERSAL_STRATEGY, LOCAL_REVERSAL) values ('sendUrl', 'IBNK', '2', 'EB', 'sendUrl', 'Y', 'N', 'N', 'N', null, null);
insert into FCSI_SERVICE_PARAMETER (SERVICE_CODE, ACCEPTANCE_CHNL_ID, MSG_TYPE, ACCEPTANCE_SYS_ID, PROCESS_ID, PROCESS_STATUS, LOGGABLE, TX_TYPE, REVERSABLE, REVERSAL_STRATEGY, LOCAL_REVERSAL) values ('getMarketInfo', 'IBNK', '2', 'EB', 'getMarketInfo', 'Y', 'N', 'N', 'N', null, null);
insert into FCSI_SERVICE_PARAMETER (SERVICE_CODE, ACCEPTANCE_CHNL_ID, MSG_TYPE, ACCEPTANCE_SYS_ID, PROCESS_ID, PROCESS_STATUS, LOGGABLE, TX_TYPE, REVERSABLE, REVERSAL_STRATEGY, LOCAL_REVERSAL) values ('updateMarketInfo', 'IBNK', '2', 'EB', 'updateMarketInfo', 'Y', 'N', 'N', 'N', null, null);
insert into FCSI_SERVICE_PARAMETER (SERVICE_CODE, ACCEPTANCE_CHNL_ID, MSG_TYPE, ACCEPTANCE_SYS_ID, PROCESS_ID, PROCESS_STATUS, LOGGABLE, TX_TYPE, REVERSABLE, REVERSAL_STRATEGY, LOCAL_REVERSAL) values ('deleteMarketInfo', 'IBNK', '2', 'EB', 'deleteMarketInfo', 'Y', 'N', 'N', 'N', null, null);
insert into FCSI_SERVICE_PARAMETER (SERVICE_CODE, ACCEPTANCE_CHNL_ID, MSG_TYPE, ACCEPTANCE_SYS_ID, PROCESS_ID, PROCESS_STATUS, LOGGABLE, TX_TYPE, REVERSABLE, REVERSAL_STRATEGY, LOCAL_REVERSAL) values ('insertMarketInfo', 'IBNK', '2', 'EB', 'insertMarketInfo', 'Y', 'N', 'N', 'N', null, null);
insert into FCSI_SERVICE_PARAMETER (SERVICE_CODE, ACCEPTANCE_CHNL_ID, MSG_TYPE, ACCEPTANCE_SYS_ID, PROCESS_ID, PROCESS_STATUS, LOGGABLE, TX_TYPE, REVERSABLE, REVERSAL_STRATEGY, LOCAL_REVERSAL) values ('sendCreditActivityUrl', 'IBNK', '2', 'EB', 'sendCreditActivityUrl', 'Y', 'N', 'N', 'N', null, null);
insert into FCSI_SERVICE_PARAMETER (SERVICE_CODE, ACCEPTANCE_CHNL_ID, MSG_TYPE, ACCEPTANCE_SYS_ID, PROCESS_ID, PROCESS_STATUS, LOGGABLE, TX_TYPE, REVERSABLE, REVERSAL_STRATEGY, LOCAL_REVERSAL) values ('fwdCreditActivity', 'IBNK', '2', 'EB', 'fwdCreditActivity', 'Y', 'N', 'N', 'N', null, null);
insert into FCSI_SERVICE_PARAMETER (SERVICE_CODE, ACCEPTANCE_CHNL_ID, MSG_TYPE, ACCEPTANCE_SYS_ID, PROCESS_ID, PROCESS_STATUS, LOGGABLE, TX_TYPE, REVERSABLE, REVERSAL_STRATEGY, LOCAL_REVERSAL) values ('creditCardGetOTP', 'IBNK', '2', 'EB', 'creditCardGetOTP', 'Y', 'N', 'N', 'N', null, null);
insert into FCSI_SERVICE_PARAMETER (SERVICE_CODE, ACCEPTANCE_CHNL_ID, MSG_TYPE, ACCEPTANCE_SYS_ID, PROCESS_ID, PROCESS_STATUS, LOGGABLE, TX_TYPE, REVERSABLE, REVERSAL_STRATEGY, LOCAL_REVERSAL) values ('creditCardActivity', 'IBNK', '2', 'EB', 'creditCardActivity', 'Y', 'N', 'N', 'N', null, null);
insert into FCSI_SERVICE_PARAMETER (SERVICE_CODE, ACCEPTANCE_CHNL_ID, MSG_TYPE, ACCEPTANCE_SYS_ID, PROCESS_ID, PROCESS_STATUS, LOGGABLE, TX_TYPE, REVERSABLE, REVERSAL_STRATEGY, LOCAL_REVERSAL) values ('creditCardSetPwd', 'IBNK', '2', 'EB', 'creditCardSetPwd', 'Y', 'N', 'N', 'N', null, null);
insert into FCSI_SERVICE_PARAMETER (SERVICE_CODE, ACCEPTANCE_CHNL_ID, MSG_TYPE, ACCEPTANCE_SYS_ID, PROCESS_ID, PROCESS_STATUS, LOGGABLE, TX_TYPE, REVERSABLE, REVERSAL_STRATEGY, LOCAL_REVERSAL) values ('getMarketSubInfo', 'IBNK', '2', 'EB', 'getMarketSubInfo', 'Y', 'N', 'N', 'N', null, null);
insert into FCSI_SERVICE_PARAMETER (SERVICE_CODE, ACCEPTANCE_CHNL_ID, MSG_TYPE, ACCEPTANCE_SYS_ID, PROCESS_ID, PROCESS_STATUS, LOGGABLE, TX_TYPE, REVERSABLE, REVERSAL_STRATEGY, LOCAL_REVERSAL) values ('insertMarketSubInfo', 'IBNK', '2', 'EB', 'insertMarketSubInfo', 'Y', 'N', 'N', 'N', null, null);
insert into FCSI_SERVICE_PARAMETER (SERVICE_CODE, ACCEPTANCE_CHNL_ID, MSG_TYPE, ACCEPTANCE_SYS_ID, PROCESS_ID, PROCESS_STATUS, LOGGABLE, TX_TYPE, REVERSABLE, REVERSAL_STRATEGY, LOCAL_REVERSAL) values ('delMarketSubInfo', 'IBNK', '2', 'EB', 'delMarketSubInfo', 'Y', 'N', 'N', 'N', null, null);
insert into FCSI_SERVICE_PARAMETER (SERVICE_CODE, ACCEPTANCE_CHNL_ID, MSG_TYPE, ACCEPTANCE_SYS_ID, PROCESS_ID, PROCESS_STATUS, LOGGABLE, TX_TYPE, REVERSABLE, REVERSAL_STRATEGY, LOCAL_REVERSAL) values ('updateMarketSubInfo', 'IBNK', '2', 'EB', 'updateMarketSubInfo', 'Y', 'N', 'N', 'N', null, null);
insert into FCSI_SERVICE_PARAMETER (SERVICE_CODE, ACCEPTANCE_CHNL_ID, MSG_TYPE, ACCEPTANCE_SYS_ID, PROCESS_ID, PROCESS_STATUS, LOGGABLE, TX_TYPE, REVERSABLE, REVERSAL_STRATEGY, LOCAL_REVERSAL) values ('creditCardAutoBand', 'IBNK', '2', 'EB', 'creditCardAutoBand', 'Y', 'N', 'N', 'N', null, null);
insert into FCSI_SERVICE_PARAMETER (SERVICE_CODE, ACCEPTANCE_CHNL_ID, MSG_TYPE, ACCEPTANCE_SYS_ID, PROCESS_ID, PROCESS_STATUS, LOGGABLE, TX_TYPE, REVERSABLE, REVERSAL_STRATEGY, LOCAL_REVERSAL) values ('couponCreate', 'VUI', '2', 'EB', 'couponCreate', 'Y', 'Y', 'N', 'N', 'N', 'N');
insert into FCSI_SERVICE_PARAMETER (SERVICE_CODE, ACCEPTANCE_CHNL_ID, MSG_TYPE, ACCEPTANCE_SYS_ID, PROCESS_ID, PROCESS_STATUS, LOGGABLE, TX_TYPE, REVERSABLE, REVERSAL_STRATEGY, LOCAL_REVERSAL) values ('fwdInputMsgActivity', 'IBNK', '2', 'EB', 'fwdInputMsgActivity', 'Y', 'N', 'N', 'N', null, null);
insert into FCSI_SERVICE_PARAMETER (SERVICE_CODE, ACCEPTANCE_CHNL_ID, MSG_TYPE, ACCEPTANCE_SYS_ID, PROCESS_ID, PROCESS_STATUS, LOGGABLE, TX_TYPE, REVERSABLE, REVERSAL_STRATEGY, LOCAL_REVERSAL) values ('getPreview', 'IBNK', '2', 'EB', 'getPreview', 'Y', 'N', 'N', 'N', null, null);
insert into FCSI_SERVICE_PARAMETER (SERVICE_CODE, ACCEPTANCE_CHNL_ID, MSG_TYPE, ACCEPTANCE_SYS_ID, PROCESS_ID, PROCESS_STATUS, LOGGABLE, TX_TYPE, REVERSABLE, REVERSAL_STRATEGY, LOCAL_REVERSAL) values ('getFavourableIntroEmpty', 'IBNK', '2', 'EB', 'getFavourableIntroEmpty', 'Y', 'N', 'N', 'N', null, null);
insert into FCSI_SERVICE_PARAMETER (SERVICE_CODE, ACCEPTANCE_CHNL_ID, MSG_TYPE, ACCEPTANCE_SYS_ID, PROCESS_ID, PROCESS_STATUS, LOGGABLE, TX_TYPE, REVERSABLE, REVERSAL_STRATEGY, LOCAL_REVERSAL) values ('parameter', 'IBNK', '2', 'EB', 'parameter', 'Y', 'N', 'N', 'N', null, null);
insert into FCSI_SERVICE_PARAMETER (SERVICE_CODE, ACCEPTANCE_CHNL_ID, MSG_TYPE, ACCEPTANCE_SYS_ID, PROCESS_ID, PROCESS_STATUS, LOGGABLE, TX_TYPE, REVERSABLE, REVERSAL_STRATEGY, LOCAL_REVERSAL) values ('previewFavourable', 'IBNK', '2', 'EB', 'previewFavourable', 'Y', 'N', 'N', 'N', null, null);
insert into FCSI_SERVICE_PARAMETER (SERVICE_CODE, ACCEPTANCE_CHNL_ID, MSG_TYPE, ACCEPTANCE_SYS_ID, PROCESS_ID, PROCESS_STATUS, LOGGABLE, TX_TYPE, REVERSABLE, REVERSAL_STRATEGY, LOCAL_REVERSAL) values ('getModifyFavourableIntro', 'VUI', '2', 'EB', 'getModifyFavourableIntro', 'Y', 'Y', 'N', 'N', 'N', 'N');
insert into FCSI_SERVICE_PARAMETER (SERVICE_CODE, ACCEPTANCE_CHNL_ID, MSG_TYPE, ACCEPTANCE_SYS_ID, PROCESS_ID, PROCESS_STATUS, LOGGABLE, TX_TYPE, REVERSABLE, REVERSAL_STRATEGY, LOCAL_REVERSAL) values ('createFavourableIntro', 'IBNK', '2', 'EB', 'createFavourableIntro', 'Y', 'N', 'N', 'N', null, null);
insert into FCSI_SERVICE_PARAMETER (SERVICE_CODE, ACCEPTANCE_CHNL_ID, MSG_TYPE, ACCEPTANCE_SYS_ID, PROCESS_ID, PROCESS_STATUS, LOGGABLE, TX_TYPE, REVERSABLE, REVERSAL_STRATEGY, LOCAL_REVERSAL) values ('fwdCreditActivityNextPage', 'IBNK', '2', 'EB', 'fwdCreditActivityNextPage', 'Y', 'N', 'N', 'N', null, null);
insert into FCSI_SERVICE_PARAMETER (SERVICE_CODE, ACCEPTANCE_CHNL_ID, MSG_TYPE, ACCEPTANCE_SYS_ID, PROCESS_ID, PROCESS_STATUS, LOGGABLE, TX_TYPE, REVERSABLE, REVERSAL_STRATEGY, LOCAL_REVERSAL) values ('getMarketSubInfoImg', 'IBNK', '2', 'EB', 'getMarketSubInfoImg', 'Y', 'N', 'N', 'N', null, null);
insert into FCSI_SERVICE_PARAMETER (SERVICE_CODE, ACCEPTANCE_CHNL_ID, MSG_TYPE, ACCEPTANCE_SYS_ID, PROCESS_ID, PROCESS_STATUS, LOGGABLE, TX_TYPE, REVERSABLE, REVERSAL_STRATEGY, LOCAL_REVERSAL) values ('getMarketSubInfoDetail', 'IBNK', '2', 'EB', 'getMarketSubInfoDetail', 'Y', 'N', 'N', 'N', null, null);
insert into FCSI_SERVICE_PARAMETER (SERVICE_CODE, ACCEPTANCE_CHNL_ID, MSG_TYPE, ACCEPTANCE_SYS_ID, PROCESS_ID, PROCESS_STATUS, LOGGABLE, TX_TYPE, REVERSABLE, REVERSAL_STRATEGY, LOCAL_REVERSAL) values ('2001', 'IBNK', '2', 'EB', 'advertEventFrameProcess', 'Y', 'N', 'N', 'N', null, null);
insert into FCSI_SERVICE_PARAMETER (SERVICE_CODE, ACCEPTANCE_CHNL_ID, MSG_TYPE, ACCEPTANCE_SYS_ID, PROCESS_ID, PROCESS_STATUS, LOGGABLE, TX_TYPE, REVERSABLE, REVERSAL_STRATEGY, LOCAL_REVERSAL) values ('sendedBill', 'IBNK', '2', 'EB', 'sentBill', 'Y', 'N', 'N', 'N', null, null);
insert into FCSI_SERVICE_PARAMETER (SERVICE_CODE, ACCEPTANCE_CHNL_ID, MSG_TYPE, ACCEPTANCE_SYS_ID, PROCESS_ID, PROCESS_STATUS, LOGGABLE, TX_TYPE, REVERSABLE, REVERSAL_STRATEGY, LOCAL_REVERSAL) values ('authPay', 'IBNK', '2', 'EB', 'authPay', 'Y', 'N', 'N', 'N', null, null);
insert into FCSI_SERVICE_PARAMETER (SERVICE_CODE, ACCEPTANCE_CHNL_ID, MSG_TYPE, ACCEPTANCE_SYS_ID, PROCESS_ID, PROCESS_STATUS, LOGGABLE, TX_TYPE, REVERSABLE, REVERSAL_STRATEGY, LOCAL_REVERSAL) values ('queryMarketInfoAll', 'IBNK', '2', 'EB', 'queryMarketInfoAll', 'Y', 'N', 'N', 'N', null, null);
insert into FCSI_SERVICE_PARAMETER (SERVICE_CODE, ACCEPTANCE_CHNL_ID, MSG_TYPE, ACCEPTANCE_SYS_ID, PROCESS_ID, PROCESS_STATUS, LOGGABLE, TX_TYPE, REVERSABLE, REVERSAL_STRATEGY, LOCAL_REVERSAL) values ('marketingProcess', 'IBNK', '2', 'EB', 'marketingProcess', 'Y', 'N', 'N', 'N', null, null);
insert into FCSI_SERVICE_PARAMETER (SERVICE_CODE, ACCEPTANCE_CHNL_ID, MSG_TYPE, ACCEPTANCE_SYS_ID, PROCESS_ID, PROCESS_STATUS, LOGGABLE, TX_TYPE, REVERSABLE, REVERSAL_STRATEGY, LOCAL_REVERSAL) values ('menus', 'IBNK', '2', 'EB', 'getMenus', 'Y', 'N', 'N', 'N', null, null);
insert into FCSI_SERVICE_PARAMETER (SERVICE_CODE, ACCEPTANCE_CHNL_ID, MSG_TYPE, ACCEPTANCE_SYS_ID, PROCESS_ID, PROCESS_STATUS, LOGGABLE, TX_TYPE, REVERSABLE, REVERSAL_STRATEGY, LOCAL_REVERSAL) values ('marketingTypeProcess', 'IBNK', '2', 'EB', 'marketingTypeProcess', 'Y', 'N', 'N', 'N', null, null);
insert into FCSI_SERVICE_PARAMETER (SERVICE_CODE, ACCEPTANCE_CHNL_ID, MSG_TYPE, ACCEPTANCE_SYS_ID, PROCESS_ID, PROCESS_STATUS, LOGGABLE, TX_TYPE, REVERSABLE, REVERSAL_STRATEGY, LOCAL_REVERSAL) values ('insertMarketTypeInfo', 'IBNK', '2', 'EB', 'insertMarketTypeInfo', 'Y', 'N', 'N', 'N', null, null);
insert into FCSI_SERVICE_PARAMETER (SERVICE_CODE, ACCEPTANCE_CHNL_ID, MSG_TYPE, ACCEPTANCE_SYS_ID, PROCESS_ID, PROCESS_STATUS, LOGGABLE, TX_TYPE, REVERSABLE, REVERSAL_STRATEGY, LOCAL_REVERSAL) values ('previewFavIntroImage', 'IBNK', '2', 'EB', 'previewFavIntroImage', 'Y', 'N', 'N', 'N', null, null);
insert into FCSI_SERVICE_PARAMETER (SERVICE_CODE, ACCEPTANCE_CHNL_ID, MSG_TYPE, ACCEPTANCE_SYS_ID, PROCESS_ID, PROCESS_STATUS, LOGGABLE, TX_TYPE, REVERSABLE, REVERSAL_STRATEGY, LOCAL_REVERSAL) values ('deleteCoupons', 'IBNK', '2', 'EB', 'deleteCoupons', 'Y', 'N', 'N', 'N', null, null);
insert into FCSI_SERVICE_PARAMETER (SERVICE_CODE, ACCEPTANCE_CHNL_ID, MSG_TYPE, ACCEPTANCE_SYS_ID, PROCESS_ID, PROCESS_STATUS, LOGGABLE, TX_TYPE, REVERSABLE, REVERSAL_STRATEGY, LOCAL_REVERSAL) values ('3005', 'IBNK', '2', 'EB', 'ideaFeedBack', 'Y', 'N', 'N', 'N', null, null);
insert into FCSI_SERVICE_PARAMETER (SERVICE_CODE, ACCEPTANCE_CHNL_ID, MSG_TYPE, ACCEPTANCE_SYS_ID, PROCESS_ID, PROCESS_STATUS, LOGGABLE, TX_TYPE, REVERSABLE, REVERSAL_STRATEGY, LOCAL_REVERSAL) values ('getAdvertInfos', 'IBNK', '2', 'EB', 'getAdvertInfos', 'Y', 'N', 'N', 'N', null, null);
insert into FCSI_SERVICE_PARAMETER (SERVICE_CODE, ACCEPTANCE_CHNL_ID, MSG_TYPE, ACCEPTANCE_SYS_ID, PROCESS_ID, PROCESS_STATUS, LOGGABLE, TX_TYPE, REVERSABLE, REVERSAL_STRATEGY, LOCAL_REVERSAL) values ('getAdvertInfo', 'IBNK', '2', 'EB', 'getAdvertInfo', 'Y', 'N', 'N', 'N', null, null);
insert into FCSI_SERVICE_PARAMETER (SERVICE_CODE, ACCEPTANCE_CHNL_ID, MSG_TYPE, ACCEPTANCE_SYS_ID, PROCESS_ID, PROCESS_STATUS, LOGGABLE, TX_TYPE, REVERSABLE, REVERSAL_STRATEGY, LOCAL_REVERSAL) values ('delAdvertInfo', 'IBNK', '2', 'EB', 'delAdvertInfo', 'Y', 'N', 'N', 'N', null, null);
insert into FCSI_SERVICE_PARAMETER (SERVICE_CODE, ACCEPTANCE_CHNL_ID, MSG_TYPE, ACCEPTANCE_SYS_ID, PROCESS_ID, PROCESS_STATUS, LOGGABLE, TX_TYPE, REVERSABLE, REVERSAL_STRATEGY, LOCAL_REVERSAL) values ('updateAdvertInfo', 'IBNK', '2', 'EB', 'updateAdvertInfo', 'Y', 'N', 'N', 'N', null, null);
insert into FCSI_SERVICE_PARAMETER (SERVICE_CODE, ACCEPTANCE_CHNL_ID, MSG_TYPE, ACCEPTANCE_SYS_ID, PROCESS_ID, PROCESS_STATUS, LOGGABLE, TX_TYPE, REVERSABLE, REVERSAL_STRATEGY, LOCAL_REVERSAL) values ('insertAdvertInfo', 'IBNK', '2', 'EB', 'insertAdvertInfo', 'Y', 'N', 'N', 'N', null, null);
insert into FCSI_SERVICE_PARAMETER (SERVICE_CODE, ACCEPTANCE_CHNL_ID, MSG_TYPE, ACCEPTANCE_SYS_ID, PROCESS_ID, PROCESS_STATUS, LOGGABLE, TX_TYPE, REVERSABLE, REVERSAL_STRATEGY, LOCAL_REVERSAL) values ('advertInfoProcess', 'IBNK', '2', 'EB', 'advertInfoProcess', 'Y', 'N', 'N', 'N', null, null);
insert into FCSI_SERVICE_PARAMETER (SERVICE_CODE, ACCEPTANCE_CHNL_ID, MSG_TYPE, ACCEPTANCE_SYS_ID, PROCESS_ID, PROCESS_STATUS, LOGGABLE, TX_TYPE, REVERSABLE, REVERSAL_STRATEGY, LOCAL_REVERSAL) values ('defInstruction', 'IBNK', '2', 'EB', 'defInstruction', 'Y', 'N', 'N', 'N', null, null);
insert into FCSI_SERVICE_PARAMETER (SERVICE_CODE, ACCEPTANCE_CHNL_ID, MSG_TYPE, ACCEPTANCE_SYS_ID, PROCESS_ID, PROCESS_STATUS, LOGGABLE, TX_TYPE, REVERSABLE, REVERSAL_STRATEGY, LOCAL_REVERSAL) values ('financial', 'IBNK', '2', 'EB', 'financial', 'Y', 'N', 'N', 'N', null, null);
insert into FCSI_SERVICE_PARAMETER (SERVICE_CODE, ACCEPTANCE_CHNL_ID, MSG_TYPE, ACCEPTANCE_SYS_ID, PROCESS_ID, PROCESS_STATUS, LOGGABLE, TX_TYPE, REVERSABLE, REVERSAL_STRATEGY, LOCAL_REVERSAL) values ('event', 'IBNK', '2', 'EB', 'event', 'Y', 'N', 'N', 'N', null, null);
insert into FCSI_SERVICE_PARAMETER (SERVICE_CODE, ACCEPTANCE_CHNL_ID, MSG_TYPE, ACCEPTANCE_SYS_ID, PROCESS_ID, PROCESS_STATUS, LOGGABLE, TX_TYPE, REVERSABLE, REVERSAL_STRATEGY, LOCAL_REVERSAL) values ('favorable', 'IBNK', '2', 'EB', 'favorable', 'Y', 'N', 'N', 'N', null, null);
insert into FCSI_SERVICE_PARAMETER (SERVICE_CODE, ACCEPTANCE_CHNL_ID, MSG_TYPE, ACCEPTANCE_SYS_ID, PROCESS_ID, PROCESS_STATUS, LOGGABLE, TX_TYPE, REVERSABLE, REVERSAL_STRATEGY, LOCAL_REVERSAL) values ('crBank', 'IBNK', '2', 'EB', 'crBank', 'Y', 'N', 'N', 'N', null, null);
insert into FCSI_SERVICE_PARAMETER (SERVICE_CODE, ACCEPTANCE_CHNL_ID, MSG_TYPE, ACCEPTANCE_SYS_ID, PROCESS_ID, PROCESS_STATUS, LOGGABLE, TX_TYPE, REVERSABLE, REVERSAL_STRATEGY, LOCAL_REVERSAL) values ('moreServices', 'IBNK', '2', 'EB', 'moreServices', 'Y', 'N', 'N', 'N', null, null);
insert into FCSI_SERVICE_PARAMETER (SERVICE_CODE, ACCEPTANCE_CHNL_ID, MSG_TYPE, ACCEPTANCE_SYS_ID, PROCESS_ID, PROCESS_STATUS, LOGGABLE, TX_TYPE, REVERSABLE, REVERSAL_STRATEGY, LOCAL_REVERSAL) values ('validateBindCard', 'IBNK', '2', 'EB', 'validateBindCard', 'Y', 'N', 'N', 'N', null, null);
insert into FCSI_SERVICE_PARAMETER (SERVICE_CODE, ACCEPTANCE_CHNL_ID, MSG_TYPE, ACCEPTANCE_SYS_ID, PROCESS_ID, PROCESS_STATUS, LOGGABLE, TX_TYPE, REVERSABLE, REVERSAL_STRATEGY, LOCAL_REVERSAL) values ('getAdvertInfoImg', 'IBNK', '2', 'EB', 'getAdvertInfoImg', 'Y', 'N', 'N', 'N', null, null);
insert into FCSI_SERVICE_PARAMETER (SERVICE_CODE, ACCEPTANCE_CHNL_ID, MSG_TYPE, ACCEPTANCE_SYS_ID, PROCESS_ID, PROCESS_STATUS, LOGGABLE, TX_TYPE, REVERSABLE, REVERSAL_STRATEGY, LOCAL_REVERSAL) values ('advertEventFrameProcess', 'IBNK', '2', 'EB', 'advertEventFrameProcess', 'Y', 'N', 'N', 'N', null, null);
insert into FCSI_SERVICE_PARAMETER (SERVICE_CODE, ACCEPTANCE_CHNL_ID, MSG_TYPE, ACCEPTANCE_SYS_ID, PROCESS_ID, PROCESS_STATUS, LOGGABLE, TX_TYPE, REVERSABLE, REVERSAL_STRATEGY, LOCAL_REVERSAL) values ('advert', 'IBNK', '2', 'EB', 'advert', 'Y', 'N', 'N', 'N', null, null);
insert into FCSI_SERVICE_PARAMETER (SERVICE_CODE, ACCEPTANCE_CHNL_ID, MSG_TYPE, ACCEPTANCE_SYS_ID, PROCESS_ID, PROCESS_STATUS, LOGGABLE, TX_TYPE, REVERSABLE, REVERSAL_STRATEGY, LOCAL_REVERSAL) values ('advertImageTempProcess', 'IBNK', '2', 'EB', 'advertImageTempProcess', 'Y', 'N', 'N', 'N', null, null);
insert into FCSI_SERVICE_PARAMETER (SERVICE_CODE, ACCEPTANCE_CHNL_ID, MSG_TYPE, ACCEPTANCE_SYS_ID, PROCESS_ID, PROCESS_STATUS, LOGGABLE, TX_TYPE, REVERSABLE, REVERSAL_STRATEGY, LOCAL_REVERSAL) values ('deleteMarketTypeInfo', 'IBNK', '2', 'EB', 'deleteMarketTypeInfo', 'Y', 'N', 'N', 'N', null, null);
insert into FCSI_SERVICE_PARAMETER (SERVICE_CODE, ACCEPTANCE_CHNL_ID, MSG_TYPE, ACCEPTANCE_SYS_ID, PROCESS_ID, PROCESS_STATUS, LOGGABLE, TX_TYPE, REVERSABLE, REVERSAL_STRATEGY, LOCAL_REVERSAL) values ('firstLogin', 'IBNK', '2', 'EB', 'firstLogin', 'Y', 'N', 'N', 'N', null, null);
insert into FCSI_SERVICE_PARAMETER (SERVICE_CODE, ACCEPTANCE_CHNL_ID, MSG_TYPE, ACCEPTANCE_SYS_ID, PROCESS_ID, PROCESS_STATUS, LOGGABLE, TX_TYPE, REVERSABLE, REVERSAL_STRATEGY, LOCAL_REVERSAL) values ('updateMarketTypeInfo', 'IBNK', '2', 'EB', 'updateMarketTypeInfo', 'Y', 'N', 'N', 'N', null, null);
insert into FCSI_SERVICE_PARAMETER (SERVICE_CODE, ACCEPTANCE_CHNL_ID, MSG_TYPE, ACCEPTANCE_SYS_ID, PROCESS_ID, PROCESS_STATUS, LOGGABLE, TX_TYPE, REVERSABLE, REVERSAL_STRATEGY, LOCAL_REVERSAL) values ('getMarketTypeInfo', 'IBNK', '2', 'EB', 'getMarketTypeInfo', 'Y', 'N', 'N', 'N', null, null);
insert into FCSI_SERVICE_PARAMETER (SERVICE_CODE, ACCEPTANCE_CHNL_ID, MSG_TYPE, ACCEPTANCE_SYS_ID, PROCESS_ID, PROCESS_STATUS, LOGGABLE, TX_TYPE, REVERSABLE, REVERSAL_STRATEGY, LOCAL_REVERSAL) values ('marketingAuditingManageProcess', 'IBNK', '2', 'EB', 'marketingAuditingManageProcess', 'Y', 'N', 'N', 'N', null, null);
insert into FCSI_SERVICE_PARAMETER (SERVICE_CODE, ACCEPTANCE_CHNL_ID, MSG_TYPE, ACCEPTANCE_SYS_ID, PROCESS_ID, PROCESS_STATUS, LOGGABLE, TX_TYPE, REVERSABLE, REVERSAL_STRATEGY, LOCAL_REVERSAL) values ('1001', 'IBNK', '2', 'EB', 'creditLimit', 'Y', 'N', 'N', 'N', null, null);
insert into FCSI_SERVICE_PARAMETER (SERVICE_CODE, ACCEPTANCE_CHNL_ID, MSG_TYPE, ACCEPTANCE_SYS_ID, PROCESS_ID, PROCESS_STATUS, LOGGABLE, TX_TYPE, REVERSABLE, REVERSAL_STRATEGY, LOCAL_REVERSAL) values ('advertGetImageProcess', 'IBNK', '2', 'EB', 'advertGetImageProcess', 'Y', 'N', 'N', 'N', null, null);
insert into FCSI_SERVICE_PARAMETER (SERVICE_CODE, ACCEPTANCE_CHNL_ID, MSG_TYPE, ACCEPTANCE_SYS_ID, PROCESS_ID, PROCESS_STATUS, LOGGABLE, TX_TYPE, REVERSABLE, REVERSAL_STRATEGY, LOCAL_REVERSAL) values ('1002', 'IBNK', '2', 'EB', 'sentBill', 'Y', 'N', 'N', 'N', null, null);
insert into FCSI_SERVICE_PARAMETER (SERVICE_CODE, ACCEPTANCE_CHNL_ID, MSG_TYPE, ACCEPTANCE_SYS_ID, PROCESS_ID, PROCESS_STATUS, LOGGABLE, TX_TYPE, REVERSABLE, REVERSAL_STRATEGY, LOCAL_REVERSAL) values ('1004', 'IBNK', '2', 'EB', 'accountBalance', 'Y', 'N', 'N', 'N', null, null);
insert into FCSI_SERVICE_PARAMETER (SERVICE_CODE, ACCEPTANCE_CHNL_ID, MSG_TYPE, ACCEPTANCE_SYS_ID, PROCESS_ID, PROCESS_STATUS, LOGGABLE, TX_TYPE, REVERSABLE, REVERSAL_STRATEGY, LOCAL_REVERSAL) values ('reSendMail', 'IBNK', '2', 'EB', 'reSendMail', 'Y', 'N', 'N', 'N', null, null);
insert into FCSI_SERVICE_PARAMETER (SERVICE_CODE, ACCEPTANCE_CHNL_ID, MSG_TYPE, ACCEPTANCE_SYS_ID, PROCESS_ID, PROCESS_STATUS, LOGGABLE, TX_TYPE, REVERSABLE, REVERSAL_STRATEGY, LOCAL_REVERSAL) values ('upload', 'IBNK', '2', 'EB', 'upload', 'Y', 'N', 'N', 'N', null, null);
insert into FCSI_SERVICE_PARAMETER (SERVICE_CODE, ACCEPTANCE_CHNL_ID, MSG_TYPE, ACCEPTANCE_SYS_ID, PROCESS_ID, PROCESS_STATUS, LOGGABLE, TX_TYPE, REVERSABLE, REVERSAL_STRATEGY, LOCAL_REVERSAL) values ('1003', 'IBNK', '2', 'EB', 'sendCreditActivityUrl', 'Y', 'N', 'N', 'N', null, null);
insert into FCSI_SERVICE_PARAMETER (SERVICE_CODE, ACCEPTANCE_CHNL_ID, MSG_TYPE, ACCEPTANCE_SYS_ID, PROCESS_ID, PROCESS_STATUS, LOGGABLE, TX_TYPE, REVERSABLE, REVERSAL_STRATEGY, LOCAL_REVERSAL) values ('2002', 'IBNK', '2', 'EB', 'transform', 'Y', 'N', 'N', 'N', null, null);
insert into FCSI_SERVICE_PARAMETER (SERVICE_CODE, ACCEPTANCE_CHNL_ID, MSG_TYPE, ACCEPTANCE_SYS_ID, PROCESS_ID, PROCESS_STATUS, LOGGABLE, TX_TYPE, REVERSABLE, REVERSAL_STRATEGY, LOCAL_REVERSAL) values ('2003', 'IBNK', '2', 'EB', 'transform', 'Y', 'N', 'N', 'N', null, null);
insert into FCSI_SERVICE_PARAMETER (SERVICE_CODE, ACCEPTANCE_CHNL_ID, MSG_TYPE, ACCEPTANCE_SYS_ID, PROCESS_ID, PROCESS_STATUS, LOGGABLE, TX_TYPE, REVERSABLE, REVERSAL_STRATEGY, LOCAL_REVERSAL) values ('4003', 'IBNK', '2', 'EB', 'transform', 'Y', 'N', 'N', 'N', null, null);
insert into FCSI_SERVICE_PARAMETER (SERVICE_CODE, ACCEPTANCE_CHNL_ID, MSG_TYPE, ACCEPTANCE_SYS_ID, PROCESS_ID, PROCESS_STATUS, LOGGABLE, TX_TYPE, REVERSABLE, REVERSAL_STRATEGY, LOCAL_REVERSAL) values ('3002', 'IBNK', '2', 'EB', 'financialFrame', 'Y', 'N', 'N', 'N', null, null);
insert into FCSI_SERVICE_PARAMETER (SERVICE_CODE, ACCEPTANCE_CHNL_ID, MSG_TYPE, ACCEPTANCE_SYS_ID, PROCESS_ID, PROCESS_STATUS, LOGGABLE, TX_TYPE, REVERSABLE, REVERSAL_STRATEGY, LOCAL_REVERSAL) values ('3003', 'IBNK', '2', 'EB', 'eventFrame', 'Y', 'N', 'N', 'N', null, null);
insert into FCSI_SERVICE_PARAMETER (SERVICE_CODE, ACCEPTANCE_CHNL_ID, MSG_TYPE, ACCEPTANCE_SYS_ID, PROCESS_ID, PROCESS_STATUS, LOGGABLE, TX_TYPE, REVERSABLE, REVERSAL_STRATEGY, LOCAL_REVERSAL) values ('3001', 'IBNK', '2', 'EB', 'favorableFrame', 'Y', 'N', 'N', 'N', null, null);
insert into FCSI_SERVICE_PARAMETER (SERVICE_CODE, ACCEPTANCE_CHNL_ID, MSG_TYPE, ACCEPTANCE_SYS_ID, PROCESS_ID, PROCESS_STATUS, LOGGABLE, TX_TYPE, REVERSABLE, REVERSAL_STRATEGY, LOCAL_REVERSAL) values ('3004', 'IBNK', '2', 'EB', 'crBankFrame', 'Y', 'N', 'N', 'N', null, null);
insert into FCSI_SERVICE_PARAMETER (SERVICE_CODE, ACCEPTANCE_CHNL_ID, MSG_TYPE, ACCEPTANCE_SYS_ID, PROCESS_ID, PROCESS_STATUS, LOGGABLE, TX_TYPE, REVERSABLE, REVERSAL_STRATEGY, LOCAL_REVERSAL) values ('previewFavourableForVerify', 'IBNK', '2', 'EB', 'previewFavourableForVerify', 'Y', 'N', 'N', 'N', null, null);
insert into FCSI_SERVICE_PARAMETER (SERVICE_CODE, ACCEPTANCE_CHNL_ID, MSG_TYPE, ACCEPTANCE_SYS_ID, PROCESS_ID, PROCESS_STATUS, LOGGABLE, TX_TYPE, REVERSABLE, REVERSAL_STRATEGY, LOCAL_REVERSAL) values ('favorableIntro', 'IBNK', '2', 'EB', 'favorableIntro', 'Y', 'N', 'N', 'N', null, null);
insert into FCSI_SERVICE_PARAMETER (SERVICE_CODE, ACCEPTANCE_CHNL_ID, MSG_TYPE, ACCEPTANCE_SYS_ID, PROCESS_ID, PROCESS_STATUS, LOGGABLE, TX_TYPE, REVERSABLE, REVERSAL_STRATEGY, LOCAL_REVERSAL) values ('getImg', 'IBNK', '2', 'EB', 'getImg', 'Y', 'N', 'N', 'N', null, null);
insert into FCSI_SERVICE_PARAMETER (SERVICE_CODE, ACCEPTANCE_CHNL_ID, MSG_TYPE, ACCEPTANCE_SYS_ID, PROCESS_ID, PROCESS_STATUS, LOGGABLE, TX_TYPE, REVERSABLE, REVERSAL_STRATEGY, LOCAL_REVERSAL) values ('createValCode', 'IBNK', '2', 'EB', 'createValCode', 'Y', 'N', 'N', 'N', null, null);
insert into FCSI_SERVICE_PARAMETER (SERVICE_CODE, ACCEPTANCE_CHNL_ID, MSG_TYPE, ACCEPTANCE_SYS_ID, PROCESS_ID, PROCESS_STATUS, LOGGABLE, TX_TYPE, REVERSABLE, REVERSAL_STRATEGY, LOCAL_REVERSAL) values ('firstLogin', 'VUI', '2', 'EB', 'firstLogin', 'Y', 'Y', 'N', 'N', 'N', 'N');
insert into FCSI_SERVICE_PARAMETER (SERVICE_CODE, ACCEPTANCE_CHNL_ID, MSG_TYPE, ACCEPTANCE_SYS_ID, PROCESS_ID, PROCESS_STATUS, LOGGABLE, TX_TYPE, REVERSABLE, REVERSAL_STRATEGY, LOCAL_REVERSAL) values ('loginProcess', 'VUI', '2', 'EB', 'loginProcess', 'Y', 'Y', 'N', 'N', 'N', 'N');
insert into FCSI_SERVICE_PARAMETER (SERVICE_CODE, ACCEPTANCE_CHNL_ID, MSG_TYPE, ACCEPTANCE_SYS_ID, PROCESS_ID, PROCESS_STATUS, LOGGABLE, TX_TYPE, REVERSABLE, REVERSAL_STRATEGY, LOCAL_REVERSAL) values ('logoutProcess', 'VUI', '2', 'EB', 'logoutProcess', 'Y', 'Y', 'N', 'N', 'N', 'N');
insert into FCSI_SERVICE_PARAMETER (SERVICE_CODE, ACCEPTANCE_CHNL_ID, MSG_TYPE, ACCEPTANCE_SYS_ID, PROCESS_ID, PROCESS_STATUS, LOGGABLE, TX_TYPE, REVERSABLE, REVERSAL_STRATEGY, LOCAL_REVERSAL) values ('userProcess', 'VUI', '2', 'EB', 'userProcess', 'Y', 'Y', 'N', 'N', 'N', 'N');
insert into FCSI_SERVICE_PARAMETER (SERVICE_CODE, ACCEPTANCE_CHNL_ID, MSG_TYPE, ACCEPTANCE_SYS_ID, PROCESS_ID, PROCESS_STATUS, LOGGABLE, TX_TYPE, REVERSABLE, REVERSAL_STRATEGY, LOCAL_REVERSAL) values ('userListProcess', 'VUI', '2', 'EB', 'userListProcess', 'Y', 'Y', 'N', 'N', 'N', 'N');
insert into FCSI_SERVICE_PARAMETER (SERVICE_CODE, ACCEPTANCE_CHNL_ID, MSG_TYPE, ACCEPTANCE_SYS_ID, PROCESS_ID, PROCESS_STATUS, LOGGABLE, TX_TYPE, REVERSABLE, REVERSAL_STRATEGY, LOCAL_REVERSAL) values ('userSelectProcess', 'VUI', '2', 'EB', 'userSelectProcess', 'Y', 'Y', 'N', 'N', 'N', 'N');
insert into FCSI_SERVICE_PARAMETER (SERVICE_CODE, ACCEPTANCE_CHNL_ID, MSG_TYPE, ACCEPTANCE_SYS_ID, PROCESS_ID, PROCESS_STATUS, LOGGABLE, TX_TYPE, REVERSABLE, REVERSAL_STRATEGY, LOCAL_REVERSAL) values ('loginNameCheckProcess', 'VUI', '2', 'EB', 'loginNameCheckProcess', 'Y', 'Y', 'N', 'N', 'N', 'N');
insert into FCSI_SERVICE_PARAMETER (SERVICE_CODE, ACCEPTANCE_CHNL_ID, MSG_TYPE, ACCEPTANCE_SYS_ID, PROCESS_ID, PROCESS_STATUS, LOGGABLE, TX_TYPE, REVERSABLE, REVERSAL_STRATEGY, LOCAL_REVERSAL) values ('userCreateProcess', 'VUI', '2', 'EB', 'userCreateProcess', 'Y', 'Y', 'N', 'N', 'N', 'N');
insert into FCSI_SERVICE_PARAMETER (SERVICE_CODE, ACCEPTANCE_CHNL_ID, MSG_TYPE, ACCEPTANCE_SYS_ID, PROCESS_ID, PROCESS_STATUS, LOGGABLE, TX_TYPE, REVERSABLE, REVERSAL_STRATEGY, LOCAL_REVERSAL) values ('userUpdateProcess', 'VUI', '2', 'EB', 'userUpdateProcess', 'Y', 'Y', 'N', 'N', 'N', 'N');
insert into FCSI_SERVICE_PARAMETER (SERVICE_CODE, ACCEPTANCE_CHNL_ID, MSG_TYPE, ACCEPTANCE_SYS_ID, PROCESS_ID, PROCESS_STATUS, LOGGABLE, TX_TYPE, REVERSABLE, REVERSAL_STRATEGY, LOCAL_REVERSAL) values ('userDeleteProcess', 'VUI', '2', 'EB', 'userDeleteProcess', 'Y', 'Y', 'N', 'N', 'N', 'N');
insert into FCSI_SERVICE_PARAMETER (SERVICE_CODE, ACCEPTANCE_CHNL_ID, MSG_TYPE, ACCEPTANCE_SYS_ID, PROCESS_ID, PROCESS_STATUS, LOGGABLE, TX_TYPE, REVERSABLE, REVERSAL_STRATEGY, LOCAL_REVERSAL) values ('userViewProcess', 'VUI', '2', 'EB', 'userViewProcess', 'Y', 'Y', 'N', 'N', 'N', 'N');
insert into FCSI_SERVICE_PARAMETER (SERVICE_CODE, ACCEPTANCE_CHNL_ID, MSG_TYPE, ACCEPTANCE_SYS_ID, PROCESS_ID, PROCESS_STATUS, LOGGABLE, TX_TYPE, REVERSABLE, REVERSAL_STRATEGY, LOCAL_REVERSAL) values ('roleProcess', 'VUI', '2', 'EB', 'roleProcess', 'Y', 'Y', 'N', 'N', 'N', 'N');
insert into FCSI_SERVICE_PARAMETER (SERVICE_CODE, ACCEPTANCE_CHNL_ID, MSG_TYPE, ACCEPTANCE_SYS_ID, PROCESS_ID, PROCESS_STATUS, LOGGABLE, TX_TYPE, REVERSABLE, REVERSAL_STRATEGY, LOCAL_REVERSAL) values ('roleListProcess', 'VUI', '2', 'EB', 'roleListProcess', 'Y', 'Y', 'N', 'N', 'N', 'N');
insert into FCSI_SERVICE_PARAMETER (SERVICE_CODE, ACCEPTANCE_CHNL_ID, MSG_TYPE, ACCEPTANCE_SYS_ID, PROCESS_ID, PROCESS_STATUS, LOGGABLE, TX_TYPE, REVERSABLE, REVERSAL_STRATEGY, LOCAL_REVERSAL) values ('roleSelectProcess', 'VUI', '2', 'EB', 'roleSelectProcess', 'Y', 'Y', 'N', 'N', 'N', 'N');
insert into FCSI_SERVICE_PARAMETER (SERVICE_CODE, ACCEPTANCE_CHNL_ID, MSG_TYPE, ACCEPTANCE_SYS_ID, PROCESS_ID, PROCESS_STATUS, LOGGABLE, TX_TYPE, REVERSABLE, REVERSAL_STRATEGY, LOCAL_REVERSAL) values ('roleCreateProcess', 'VUI', '2', 'EB', 'roleCreateProcess', 'Y', 'Y', 'N', 'N', 'N', 'N');
insert into FCSI_SERVICE_PARAMETER (SERVICE_CODE, ACCEPTANCE_CHNL_ID, MSG_TYPE, ACCEPTANCE_SYS_ID, PROCESS_ID, PROCESS_STATUS, LOGGABLE, TX_TYPE, REVERSABLE, REVERSAL_STRATEGY, LOCAL_REVERSAL) values ('roleUpdateProcess', 'VUI', '2', 'EB', 'roleUpdateProcess', 'Y', 'Y', 'N', 'N', 'N', 'N');
insert into FCSI_SERVICE_PARAMETER (SERVICE_CODE, ACCEPTANCE_CHNL_ID, MSG_TYPE, ACCEPTANCE_SYS_ID, PROCESS_ID, PROCESS_STATUS, LOGGABLE, TX_TYPE, REVERSABLE, REVERSAL_STRATEGY, LOCAL_REVERSAL) values ('roleDeleteProcess', 'VUI', '2', 'EB', 'roleDeleteProcess', 'Y', 'Y', 'N', 'N', 'N', 'N');
insert into FCSI_SERVICE_PARAMETER (SERVICE_CODE, ACCEPTANCE_CHNL_ID, MSG_TYPE, ACCEPTANCE_SYS_ID, PROCESS_ID, PROCESS_STATUS, LOGGABLE, TX_TYPE, REVERSABLE, REVERSAL_STRATEGY, LOCAL_REVERSAL) values ('roleViewProcess', 'VUI', '2', 'EB', 'roleViewProcess', 'Y', 'Y', 'N', 'N', 'N', 'N');
insert into FCSI_SERVICE_PARAMETER (SERVICE_CODE, ACCEPTANCE_CHNL_ID, MSG_TYPE, ACCEPTANCE_SYS_ID, PROCESS_ID, PROCESS_STATUS, LOGGABLE, TX_TYPE, REVERSABLE, REVERSAL_STRATEGY, LOCAL_REVERSAL) values ('roleAuthorizeProcess', 'VUI', '2', 'EB', 'roleAuthorizeProcess', 'Y', 'Y', 'N', 'N', 'N', 'N');
insert into FCSI_SERVICE_PARAMETER (SERVICE_CODE, ACCEPTANCE_CHNL_ID, MSG_TYPE, ACCEPTANCE_SYS_ID, PROCESS_ID, PROCESS_STATUS, LOGGABLE, TX_TYPE, REVERSABLE, REVERSAL_STRATEGY, LOCAL_REVERSAL) values ('toRoleAuthorizeProcess', 'VUI', '2', 'EB', 'toRoleAuthorizeProcess', 'Y', 'Y', 'N', 'N', 'N', 'N');
insert into FCSI_SERVICE_PARAMETER (SERVICE_CODE, ACCEPTANCE_CHNL_ID, MSG_TYPE, ACCEPTANCE_SYS_ID, PROCESS_ID, PROCESS_STATUS, LOGGABLE, TX_TYPE, REVERSABLE, REVERSAL_STRATEGY, LOCAL_REVERSAL) values ('roleTreeProcess', 'VUI', '2', 'EB', 'roleTreeProcess', 'Y', 'Y', 'N', 'N', 'N', 'N');
insert into FCSI_SERVICE_PARAMETER (SERVICE_CODE, ACCEPTANCE_CHNL_ID, MSG_TYPE, ACCEPTANCE_SYS_ID, PROCESS_ID, PROCESS_STATUS, LOGGABLE, TX_TYPE, REVERSABLE, REVERSAL_STRATEGY, LOCAL_REVERSAL) values ('roleNameCheckProcess', 'VUI', '2', 'EB', 'roleNameCheckProcess', 'Y', 'Y', 'N', 'N', 'N', 'N');
insert into FCSI_SERVICE_PARAMETER (SERVICE_CODE, ACCEPTANCE_CHNL_ID, MSG_TYPE, ACCEPTANCE_SYS_ID, PROCESS_ID, PROCESS_STATUS, LOGGABLE, TX_TYPE, REVERSABLE, REVERSAL_STRATEGY, LOCAL_REVERSAL) values ('departmentProcess', 'VUI', '2', 'EB', 'departmentProcess', 'Y', 'Y', 'N', 'N', 'N', 'N');
insert into FCSI_SERVICE_PARAMETER (SERVICE_CODE, ACCEPTANCE_CHNL_ID, MSG_TYPE, ACCEPTANCE_SYS_ID, PROCESS_ID, PROCESS_STATUS, LOGGABLE, TX_TYPE, REVERSABLE, REVERSAL_STRATEGY, LOCAL_REVERSAL) values ('departmentListProcess', 'VUI', '2', 'EB', 'departmentListProcess', 'Y', 'Y', 'N', 'N', 'N', 'N');
insert into FCSI_SERVICE_PARAMETER (SERVICE_CODE, ACCEPTANCE_CHNL_ID, MSG_TYPE, ACCEPTANCE_SYS_ID, PROCESS_ID, PROCESS_STATUS, LOGGABLE, TX_TYPE, REVERSABLE, REVERSAL_STRATEGY, LOCAL_REVERSAL) values ('departmentSelectProcess', 'VUI', '2', 'EB', 'departmentSelectProcess', 'Y', 'Y', 'N', 'N', 'N', 'N');
insert into FCSI_SERVICE_PARAMETER (SERVICE_CODE, ACCEPTANCE_CHNL_ID, MSG_TYPE, ACCEPTANCE_SYS_ID, PROCESS_ID, PROCESS_STATUS, LOGGABLE, TX_TYPE, REVERSABLE, REVERSAL_STRATEGY, LOCAL_REVERSAL) values ('departmentCreateProcess', 'VUI', '2', 'EB', 'departmentCreateProcess', 'Y', 'Y', 'N', 'N', 'N', 'N');
insert into FCSI_SERVICE_PARAMETER (SERVICE_CODE, ACCEPTANCE_CHNL_ID, MSG_TYPE, ACCEPTANCE_SYS_ID, PROCESS_ID, PROCESS_STATUS, LOGGABLE, TX_TYPE, REVERSABLE, REVERSAL_STRATEGY, LOCAL_REVERSAL) values ('departmentUpdateProcess', 'VUI', '2', 'EB', 'departmentUpdateProcess', 'Y', 'Y', 'N', 'N', 'N', 'N');
insert into FCSI_SERVICE_PARAMETER (SERVICE_CODE, ACCEPTANCE_CHNL_ID, MSG_TYPE, ACCEPTANCE_SYS_ID, PROCESS_ID, PROCESS_STATUS, LOGGABLE, TX_TYPE, REVERSABLE, REVERSAL_STRATEGY, LOCAL_REVERSAL) values ('departmentDeleteProcess', 'VUI', '2', 'EB', 'departmentDeleteProcess', 'Y', 'Y', 'N', 'N', 'N', 'N');
insert into FCSI_SERVICE_PARAMETER (SERVICE_CODE, ACCEPTANCE_CHNL_ID, MSG_TYPE, ACCEPTANCE_SYS_ID, PROCESS_ID, PROCESS_STATUS, LOGGABLE, TX_TYPE, REVERSABLE, REVERSAL_STRATEGY, LOCAL_REVERSAL) values ('departmentViewProcess', 'VUI', '2', 'EB', 'departmentViewProcess', 'Y', 'Y', 'N', 'N', 'N', 'N');
insert into FCSI_SERVICE_PARAMETER (SERVICE_CODE, ACCEPTANCE_CHNL_ID, MSG_TYPE, ACCEPTANCE_SYS_ID, PROCESS_ID, PROCESS_STATUS, LOGGABLE, TX_TYPE, REVERSABLE, REVERSAL_STRATEGY, LOCAL_REVERSAL) values ('departmentNameCheckProcess', 'VUI', '2', 'EB', 'departmentNameCheckProcess', 'Y', 'Y', 'N', 'N', 'N', 'N');
insert into FCSI_SERVICE_PARAMETER (SERVICE_CODE, ACCEPTANCE_CHNL_ID, MSG_TYPE, ACCEPTANCE_SYS_ID, PROCESS_ID, PROCESS_STATUS, LOGGABLE, TX_TYPE, REVERSABLE, REVERSAL_STRATEGY, LOCAL_REVERSAL) values ('toUpdatePasswordProcess', 'VUI', '2', 'EB', 'toUpdatePasswordProcess', 'Y', 'Y', 'N', 'N', 'N', 'N');
insert into FCSI_SERVICE_PARAMETER (SERVICE_CODE, ACCEPTANCE_CHNL_ID, MSG_TYPE, ACCEPTANCE_SYS_ID, PROCESS_ID, PROCESS_STATUS, LOGGABLE, TX_TYPE, REVERSABLE, REVERSAL_STRATEGY, LOCAL_REVERSAL) values ('updatePasswordProcess', 'VUI', '2', 'EB', 'updatePasswordProcess', 'Y', 'Y', 'N', 'N', 'N', 'N');
insert into FCSI_SERVICE_PARAMETER (SERVICE_CODE, ACCEPTANCE_CHNL_ID, MSG_TYPE, ACCEPTANCE_SYS_ID, PROCESS_ID, PROCESS_STATUS, LOGGABLE, TX_TYPE, REVERSABLE, REVERSAL_STRATEGY, LOCAL_REVERSAL) values ('toResetPasswordProcess', 'VUI', '2', 'EB', 'toResetPasswordProcess', 'Y', 'Y', 'N', 'N', 'N', 'N');
insert into FCSI_SERVICE_PARAMETER (SERVICE_CODE, ACCEPTANCE_CHNL_ID, MSG_TYPE, ACCEPTANCE_SYS_ID, PROCESS_ID, PROCESS_STATUS, LOGGABLE, TX_TYPE, REVERSABLE, REVERSAL_STRATEGY, LOCAL_REVERSAL) values ('resetPasswordProcess', 'VUI', '2', 'EB', 'resetPasswordProcess', 'Y', 'Y', 'N', 'N', 'N', 'N');
insert into FCSI_SERVICE_PARAMETER (SERVICE_CODE, ACCEPTANCE_CHNL_ID, MSG_TYPE, ACCEPTANCE_SYS_ID, PROCESS_ID, PROCESS_STATUS, LOGGABLE, TX_TYPE, REVERSABLE, REVERSAL_STRATEGY, LOCAL_REVERSAL) values ('getUserFunctionPrivilege', 'VUI', '2', 'EB', 'getUserFunctionPrivilege', 'Y', 'Y', 'N', 'N', 'N', 'N');
insert into FCSI_SERVICE_PARAMETER (SERVICE_CODE, ACCEPTANCE_CHNL_ID, MSG_TYPE, ACCEPTANCE_SYS_ID, PROCESS_ID, PROCESS_STATUS, LOGGABLE, TX_TYPE, REVERSABLE, REVERSAL_STRATEGY, LOCAL_REVERSAL) values ('menuKeyProcess', 'IBNK', '2', 'EB', 'menuKeyProcess', 'Y', 'N', 'N', 'N', null, null);
insert into FCSI_SERVICE_PARAMETER (SERVICE_CODE, ACCEPTANCE_CHNL_ID, MSG_TYPE, ACCEPTANCE_SYS_ID, PROCESS_ID, PROCESS_STATUS, LOGGABLE, TX_TYPE, REVERSABLE, REVERSAL_STRATEGY, LOCAL_REVERSAL) values ('insertMenuKeyInfo', 'IBNK', '2', 'EB', 'insertMenuKeyInfo', 'Y', 'N', 'N', 'N', null, null);
insert into FCSI_SERVICE_PARAMETER (SERVICE_CODE, ACCEPTANCE_CHNL_ID, MSG_TYPE, ACCEPTANCE_SYS_ID, PROCESS_ID, PROCESS_STATUS, LOGGABLE, TX_TYPE, REVERSABLE, REVERSAL_STRATEGY, LOCAL_REVERSAL) values ('queryMenuKeyInfo', 'IBNK', '2', 'EB', 'queryMenuKeyInfo', 'Y', 'N', 'N', 'N', null, null);
insert into FCSI_SERVICE_PARAMETER (SERVICE_CODE, ACCEPTANCE_CHNL_ID, MSG_TYPE, ACCEPTANCE_SYS_ID, PROCESS_ID, PROCESS_STATUS, LOGGABLE, TX_TYPE, REVERSABLE, REVERSAL_STRATEGY, LOCAL_REVERSAL) values ('getMenuKeyInfo', 'IBNK', '2', 'EB', 'getMenuKeyInfo', 'Y', 'N', 'N', 'N', null, null);
insert into FCSI_SERVICE_PARAMETER (SERVICE_CODE, ACCEPTANCE_CHNL_ID, MSG_TYPE, ACCEPTANCE_SYS_ID, PROCESS_ID, PROCESS_STATUS, LOGGABLE, TX_TYPE, REVERSABLE, REVERSAL_STRATEGY, LOCAL_REVERSAL) values ('deleteMenuKeyInfo', 'IBNK', '2', 'EB', 'deleteMenuKeyInfo', 'Y', 'N', 'N', 'N', null, null);
insert into FCSI_SERVICE_PARAMETER (SERVICE_CODE, ACCEPTANCE_CHNL_ID, MSG_TYPE, ACCEPTANCE_SYS_ID, PROCESS_ID, PROCESS_STATUS, LOGGABLE, TX_TYPE, REVERSABLE, REVERSAL_STRATEGY, LOCAL_REVERSAL) values ('menuKeySelect', 'IBNK', '2', 'EB', 'menuKeySelect', 'Y', 'N', 'N', 'N', null, null);
insert into FCSI_SERVICE_PARAMETER (SERVICE_CODE, ACCEPTANCE_CHNL_ID, MSG_TYPE, ACCEPTANCE_SYS_ID, PROCESS_ID, PROCESS_STATUS, LOGGABLE, TX_TYPE, REVERSABLE, REVERSAL_STRATEGY, LOCAL_REVERSAL) values ('updateMenuKeyInfo', 'IBNK', '2', 'EB', 'updateMenuKeyInfo', 'Y', 'N', 'N', 'N', null, null);
insert into FCSI_SERVICE_PARAMETER (SERVICE_CODE, ACCEPTANCE_CHNL_ID, MSG_TYPE, ACCEPTANCE_SYS_ID, PROCESS_ID, PROCESS_STATUS, LOGGABLE, TX_TYPE, REVERSABLE, REVERSAL_STRATEGY, LOCAL_REVERSAL) values ('customerWechatMan', 'CNCBI', '2', 'EB', 'customerWechatMan', 'Y', 'N', 'N', 'N', null, null);
insert into FCSI_SERVICE_PARAMETER (SERVICE_CODE, ACCEPTANCE_CHNL_ID, MSG_TYPE, ACCEPTANCE_SYS_ID, PROCESS_ID, PROCESS_STATUS, LOGGABLE, TX_TYPE, REVERSABLE, REVERSAL_STRATEGY, LOCAL_REVERSAL) values ('questionTypeCreateProcess', 'CNCBI', '2', 'EB', 'questionTypeCreateProcess', 'Y', 'N', 'N', 'N', 'N', 'N');
insert into FCSI_SERVICE_PARAMETER (SERVICE_CODE, ACCEPTANCE_CHNL_ID, MSG_TYPE, ACCEPTANCE_SYS_ID, PROCESS_ID, PROCESS_STATUS, LOGGABLE, TX_TYPE, REVERSABLE, REVERSAL_STRATEGY, LOCAL_REVERSAL) values ('questionTypeUpdateProcess', 'CNCBI', '2', 'EB', 'questionTypeUpdateProcess', 'Y', 'N', 'N', 'N', 'N', 'N');
insert into FCSI_SERVICE_PARAMETER (SERVICE_CODE, ACCEPTANCE_CHNL_ID, MSG_TYPE, ACCEPTANCE_SYS_ID, PROCESS_ID, PROCESS_STATUS, LOGGABLE, TX_TYPE, REVERSABLE, REVERSAL_STRATEGY, LOCAL_REVERSAL) values ('questionTypeViewProcess', 'CNCBI', '2', 'EB', 'questionTypeViewProcess', 'Y', 'N', 'N', 'N', 'N', 'N');
insert into FCSI_SERVICE_PARAMETER (SERVICE_CODE, ACCEPTANCE_CHNL_ID, MSG_TYPE, ACCEPTANCE_SYS_ID, PROCESS_ID, PROCESS_STATUS, LOGGABLE, TX_TYPE, REVERSABLE, REVERSAL_STRATEGY, LOCAL_REVERSAL) values ('questionTypeDeleteProcess', 'CNCBI', '2', 'EB', 'questionTypeDeleteProcess', 'Y', 'N', 'N', 'N', 'N', 'N');
insert into FCSI_SERVICE_PARAMETER (SERVICE_CODE, ACCEPTANCE_CHNL_ID, MSG_TYPE, ACCEPTANCE_SYS_ID, PROCESS_ID, PROCESS_STATUS, LOGGABLE, TX_TYPE, REVERSABLE, REVERSAL_STRATEGY, LOCAL_REVERSAL) values ('askAnswerListProcess', 'CNCBI', '2', 'EB', 'askAnswerListProcess', 'Y', 'N', 'N', 'N', 'N', 'N');
insert into FCSI_SERVICE_PARAMETER (SERVICE_CODE, ACCEPTANCE_CHNL_ID, MSG_TYPE, ACCEPTANCE_SYS_ID, PROCESS_ID, PROCESS_STATUS, LOGGABLE, TX_TYPE, REVERSABLE, REVERSAL_STRATEGY, LOCAL_REVERSAL) values ('customerAddressInfo', 'CNCBI', '2', 'EB', 'customerAddressInfo', 'Y', 'N', 'N', 'N', 'N', 'N');
insert into FCSI_SERVICE_PARAMETER (SERVICE_CODE, ACCEPTANCE_CHNL_ID, MSG_TYPE, ACCEPTANCE_SYS_ID, PROCESS_ID, PROCESS_STATUS, LOGGABLE, TX_TYPE, REVERSABLE, REVERSAL_STRATEGY, LOCAL_REVERSAL) values ('publicCustomerRelInfo', 'CNCBI', '2', 'EB', 'publicCustomerRelInfo', 'Y', 'N', 'N', 'N', 'N', 'N');
insert into FCSI_SERVICE_PARAMETER (SERVICE_CODE, ACCEPTANCE_CHNL_ID, MSG_TYPE, ACCEPTANCE_SYS_ID, PROCESS_ID, PROCESS_STATUS, LOGGABLE, TX_TYPE, REVERSABLE, REVERSAL_STRATEGY, LOCAL_REVERSAL) values ('customerWechatRelInfo', 'CNCBI', '2', 'EB', 'customerWechatRelInfo', 'Y', 'N', 'N', 'N', 'N', 'N');
insert into FCSI_SERVICE_PARAMETER (SERVICE_CODE, ACCEPTANCE_CHNL_ID, MSG_TYPE, ACCEPTANCE_SYS_ID, PROCESS_ID, PROCESS_STATUS, LOGGABLE, TX_TYPE, REVERSABLE, REVERSAL_STRATEGY, LOCAL_REVERSAL) values ('customerWechatCardBindInfo', 'CNCBI', '2', 'EB', 'customerWechatCardBindInfo', 'Y', 'N', 'N', 'N', 'N', 'N');
insert into FCSI_SERVICE_PARAMETER (SERVICE_CODE, ACCEPTANCE_CHNL_ID, MSG_TYPE, ACCEPTANCE_SYS_ID, PROCESS_ID, PROCESS_STATUS, LOGGABLE, TX_TYPE, REVERSABLE, REVERSAL_STRATEGY, LOCAL_REVERSAL) values ('customerSocialRelInfo', 'CNCBI', '2', 'EB', 'customerSocialRelInfo', 'Y', 'N', 'N', 'N', 'N', 'N');
insert into FCSI_SERVICE_PARAMETER (SERVICE_CODE, ACCEPTANCE_CHNL_ID, MSG_TYPE, ACCEPTANCE_SYS_ID, PROCESS_ID, PROCESS_STATUS, LOGGABLE, TX_TYPE, REVERSABLE, REVERSAL_STRATEGY, LOCAL_REVERSAL) values ('customerBusiCirclesInfo', 'CNCBI', '2', 'EB', 'customerBusiCirclesInfo', 'Y', 'N', 'N', 'N', 'N', 'N');
insert into FCSI_SERVICE_PARAMETER (SERVICE_CODE, ACCEPTANCE_CHNL_ID, MSG_TYPE, ACCEPTANCE_SYS_ID, PROCESS_ID, PROCESS_STATUS, LOGGABLE, TX_TYPE, REVERSABLE, REVERSAL_STRATEGY, LOCAL_REVERSAL) values ('customerAnalysisInfo', 'CNCBI', '2', 'EB', 'customerAnalysisInfo', 'Y', 'N', 'N', 'N', 'N', 'N');
insert into FCSI_SERVICE_PARAMETER (SERVICE_CODE, ACCEPTANCE_CHNL_ID, MSG_TYPE, ACCEPTANCE_SYS_ID, PROCESS_ID, PROCESS_STATUS, LOGGABLE, TX_TYPE, REVERSABLE, REVERSAL_STRATEGY, LOCAL_REVERSAL) values ('customerSvrSummaryInfo', 'CNCBI', '2', 'EB', 'customerSvrSummaryInfo', 'Y', 'N', 'N', 'N', 'N', 'N');
insert into FCSI_SERVICE_PARAMETER (SERVICE_CODE, ACCEPTANCE_CHNL_ID, MSG_TYPE, ACCEPTANCE_SYS_ID, PROCESS_ID, PROCESS_STATUS, LOGGABLE, TX_TYPE, REVERSABLE, REVERSAL_STRATEGY, LOCAL_REVERSAL) values ('wechatMarketActivityDefineInfo', 'CNCBI', '2', 'EB', 'wechatMarketActivityDefineInfo', 'Y', 'N', 'N', 'N', 'N', 'N');
insert into FCSI_SERVICE_PARAMETER (SERVICE_CODE, ACCEPTANCE_CHNL_ID, MSG_TYPE, ACCEPTANCE_SYS_ID, PROCESS_ID, PROCESS_STATUS, LOGGABLE, TX_TYPE, REVERSABLE, REVERSAL_STRATEGY, LOCAL_REVERSAL) values ('wechatActivityRuleInfo', 'CNCBI', '2', 'EB', 'wechatActivityRuleInfo', 'Y', 'N', 'N', 'N', 'N', 'N');
insert into FCSI_SERVICE_PARAMETER (SERVICE_CODE, ACCEPTANCE_CHNL_ID, MSG_TYPE, ACCEPTANCE_SYS_ID, PROCESS_ID, PROCESS_STATUS, LOGGABLE, TX_TYPE, REVERSABLE, REVERSAL_STRATEGY, LOCAL_REVERSAL) values ('wechatMarketActivitySummaryInfo', 'CNCBI', '2', 'EB', 'wechatMarketActivitySummaryInfo', 'Y', 'N', 'N', 'N', 'N', 'N');
insert into FCSI_SERVICE_PARAMETER (SERVICE_CODE, ACCEPTANCE_CHNL_ID, MSG_TYPE, ACCEPTANCE_SYS_ID, PROCESS_ID, PROCESS_STATUS, LOGGABLE, TX_TYPE, REVERSABLE, REVERSAL_STRATEGY, LOCAL_REVERSAL) values ('wechatMarketActivityEffectsInfo', 'CNCBI', '2', 'EB', 'wechatMarketActivityEffectsInfo', 'Y', 'N', 'N', 'N', 'N', 'N');
insert into FCSI_SERVICE_PARAMETER (SERVICE_CODE, ACCEPTANCE_CHNL_ID, MSG_TYPE, ACCEPTANCE_SYS_ID, PROCESS_ID, PROCESS_STATUS, LOGGABLE, TX_TYPE, REVERSABLE, REVERSAL_STRATEGY, LOCAL_REVERSAL) values ('wechatSvrScoreSetInfo', 'CNCBI', '2', 'EB', 'wechatSvrScoreSetInfo', 'Y', 'N', 'N', 'N', 'N', 'N');
insert into FCSI_SERVICE_PARAMETER (SERVICE_CODE, ACCEPTANCE_CHNL_ID, MSG_TYPE, ACCEPTANCE_SYS_ID, PROCESS_ID, PROCESS_STATUS, LOGGABLE, TX_TYPE, REVERSABLE, REVERSAL_STRATEGY, LOCAL_REVERSAL) values ('wechatScoreInfo', 'CNCBI', '2', 'EB', 'wechatScoreInfo', 'Y', 'N', 'N', 'N', 'N', 'N');
insert into FCSI_SERVICE_PARAMETER (SERVICE_CODE, ACCEPTANCE_CHNL_ID, MSG_TYPE, ACCEPTANCE_SYS_ID, PROCESS_ID, PROCESS_STATUS, LOGGABLE, TX_TYPE, REVERSABLE, REVERSAL_STRATEGY, LOCAL_REVERSAL) values ('wechatScoreStatisticsInfo', 'CNCBI', '2', 'EB', 'wechatScoreStatisticsInfo', 'Y', 'N', 'N', 'N', 'N', 'N');
insert into FCSI_SERVICE_PARAMETER (SERVICE_CODE, ACCEPTANCE_CHNL_ID, MSG_TYPE, ACCEPTANCE_SYS_ID, PROCESS_ID, PROCESS_STATUS, LOGGABLE, TX_TYPE, REVERSABLE, REVERSAL_STRATEGY, LOCAL_REVERSAL) values ('wechatScoreExchangeInfo', 'CNCBI', '2', 'EB', 'wechatScoreExchangeInfo', 'Y', 'N', 'N', 'N', 'N', 'N');
insert into FCSI_SERVICE_PARAMETER (SERVICE_CODE, ACCEPTANCE_CHNL_ID, MSG_TYPE, ACCEPTANCE_SYS_ID, PROCESS_ID, PROCESS_STATUS, LOGGABLE, TX_TYPE, REVERSABLE, REVERSAL_STRATEGY, LOCAL_REVERSAL) values ('wechatGoodsInfo', 'CNCBI', '2', 'EB', 'wechatGoodsInfo', 'Y', 'N', 'N', 'N', 'N', 'N');
insert into FCSI_SERVICE_PARAMETER (SERVICE_CODE, ACCEPTANCE_CHNL_ID, MSG_TYPE, ACCEPTANCE_SYS_ID, PROCESS_ID, PROCESS_STATUS, LOGGABLE, TX_TYPE, REVERSABLE, REVERSAL_STRATEGY, LOCAL_REVERSAL) values ('wechatGoodsScoreRelInfo', 'CNCBI', '2', 'EB', 'wechatGoodsScoreRelInfo', 'Y', 'N', 'N', 'N', 'N', 'N');
insert into FCSI_SERVICE_PARAMETER (SERVICE_CODE, ACCEPTANCE_CHNL_ID, MSG_TYPE, ACCEPTANCE_SYS_ID, PROCESS_ID, PROCESS_STATUS, LOGGABLE, TX_TYPE, REVERSABLE, REVERSAL_STRATEGY, LOCAL_REVERSAL) values ('wechatGoodsStocksInfo', 'CNCBI', '2', 'EB', 'wechatGoodsStocksInfo', 'Y', 'N', 'N', 'N', 'N', 'N');
insert into FCSI_SERVICE_PARAMETER (SERVICE_CODE, ACCEPTANCE_CHNL_ID, MSG_TYPE, ACCEPTANCE_SYS_ID, PROCESS_ID, PROCESS_STATUS, LOGGABLE, TX_TYPE, REVERSABLE, REVERSAL_STRATEGY, LOCAL_REVERSAL) values ('wechatScoreExchangeSummaryInfo', 'CNCBI', '2', 'EB', 'wechatScoreExchangeSummaryInfo', 'Y', 'N', 'N', 'N', 'N', 'N');
insert into FCSI_SERVICE_PARAMETER (SERVICE_CODE, ACCEPTANCE_CHNL_ID, MSG_TYPE, ACCEPTANCE_SYS_ID, PROCESS_ID, PROCESS_STATUS, LOGGABLE, TX_TYPE, REVERSABLE, REVERSAL_STRATEGY, LOCAL_REVERSAL) values ('publicAccountSetInfo', 'CNCBI', '2', 'EB', 'publicAccountSetInfo', 'Y', 'N', 'N', 'N', 'N', 'N');
insert into FCSI_SERVICE_PARAMETER (SERVICE_CODE, ACCEPTANCE_CHNL_ID, MSG_TYPE, ACCEPTANCE_SYS_ID, PROCESS_ID, PROCESS_STATUS, LOGGABLE, TX_TYPE, REVERSABLE, REVERSAL_STRATEGY, LOCAL_REVERSAL) values ('publicAccountAttentionInfo', 'CNCBI', '2', 'EB', 'publicAccountAttentionInfo', 'Y', 'N', 'N', 'N', 'N', 'N');
insert into FCSI_SERVICE_PARAMETER (SERVICE_CODE, ACCEPTANCE_CHNL_ID, MSG_TYPE, ACCEPTANCE_SYS_ID, PROCESS_ID, PROCESS_STATUS, LOGGABLE, TX_TYPE, REVERSABLE, REVERSAL_STRATEGY, LOCAL_REVERSAL) values ('serviceThermalWordInfo', 'CNCBI', '2', 'EB', 'serviceThermalWordInfo', 'Y', 'N', 'N', 'N', 'N', 'N');
insert into FCSI_SERVICE_PARAMETER (SERVICE_CODE, ACCEPTANCE_CHNL_ID, MSG_TYPE, ACCEPTANCE_SYS_ID, PROCESS_ID, PROCESS_STATUS, LOGGABLE, TX_TYPE, REVERSABLE, REVERSAL_STRATEGY, LOCAL_REVERSAL) values ('serviceQueueInfo', 'CNCBI', '2', 'EB', 'serviceQueueInfo', 'Y', 'N', 'N', 'N', 'N', 'N');
insert into FCSI_SERVICE_PARAMETER (SERVICE_CODE, ACCEPTANCE_CHNL_ID, MSG_TYPE, ACCEPTANCE_SYS_ID, PROCESS_ID, PROCESS_STATUS, LOGGABLE, TX_TYPE, REVERSABLE, REVERSAL_STRATEGY, LOCAL_REVERSAL) values ('servicePerformanceEvaluateInfo', 'CNCBI', '2', 'EB', 'servicePerformanceEvaluateInfo', 'Y', 'N', 'N', 'N', 'N', 'N');
insert into FCSI_SERVICE_PARAMETER (SERVICE_CODE, ACCEPTANCE_CHNL_ID, MSG_TYPE, ACCEPTANCE_SYS_ID, PROCESS_ID, PROCESS_STATUS, LOGGABLE, TX_TYPE, REVERSABLE, REVERSAL_STRATEGY, LOCAL_REVERSAL) values ('servicePerformanceInfo', 'CNCBI', '2', 'EB', 'servicePerformanceInfo', 'Y', 'N', 'N', 'N', 'N', 'N');
insert into FCSI_SERVICE_PARAMETER (SERVICE_CODE, ACCEPTANCE_CHNL_ID, MSG_TYPE, ACCEPTANCE_SYS_ID, PROCESS_ID, PROCESS_STATUS, LOGGABLE, TX_TYPE, REVERSABLE, REVERSAL_STRATEGY, LOCAL_REVERSAL) values ('knowledgeClassificationInfo', 'CNCBI', '2', 'EB', 'knowledgeClassificationInfo', 'Y', 'N', 'N', 'N', 'N', 'N');
insert into FCSI_SERVICE_PARAMETER (SERVICE_CODE, ACCEPTANCE_CHNL_ID, MSG_TYPE, ACCEPTANCE_SYS_ID, PROCESS_ID, PROCESS_STATUS, LOGGABLE, TX_TYPE, REVERSABLE, REVERSAL_STRATEGY, LOCAL_REVERSAL) values ('knowledgeBaseInfo', 'CNCBI', '2', 'EB', 'knowledgeBaseInfo', 'Y', 'N', 'N', 'N', 'N', 'N');
insert into FCSI_SERVICE_PARAMETER (SERVICE_CODE, ACCEPTANCE_CHNL_ID, MSG_TYPE, ACCEPTANCE_SYS_ID, PROCESS_ID, PROCESS_STATUS, LOGGABLE, TX_TYPE, REVERSABLE, REVERSAL_STRATEGY, LOCAL_REVERSAL) values ('tradeDetailsInquiryInfo', 'CNCBI', '2', 'EB', 'tradeDetailsInquiryInfo', 'Y', 'N', 'N', 'N', 'N', 'N');
insert into FCSI_SERVICE_PARAMETER (SERVICE_CODE, ACCEPTANCE_CHNL_ID, MSG_TYPE, ACCEPTANCE_SYS_ID, PROCESS_ID, PROCESS_STATUS, LOGGABLE, TX_TYPE, REVERSABLE, REVERSAL_STRATEGY, LOCAL_REVERSAL) values ('tradeStatisticsAnalysisInfo', 'CNCBI', '2', 'EB', 'tradeStatisticsAnalysisInfo', 'Y', 'N', 'N', 'N', 'N', 'N');
insert into FCSI_SERVICE_PARAMETER (SERVICE_CODE, ACCEPTANCE_CHNL_ID, MSG_TYPE, ACCEPTANCE_SYS_ID, PROCESS_ID, PROCESS_STATUS, LOGGABLE, TX_TYPE, REVERSABLE, REVERSAL_STRATEGY, LOCAL_REVERSAL) values ('tradeTrendAnalysisInfo', 'CNCBI', '2', 'EB', 'tradeTrendAnalysisInfo', 'Y', 'N', 'N', 'N', 'N', 'N');
insert into FCSI_SERVICE_PARAMETER (SERVICE_CODE, ACCEPTANCE_CHNL_ID, MSG_TYPE, ACCEPTANCE_SYS_ID, PROCESS_ID, PROCESS_STATUS, LOGGABLE, TX_TYPE, REVERSABLE, REVERSAL_STRATEGY, LOCAL_REVERSAL) values ('reservationSituationInfo', 'CNCBI', '2', 'EB', 'reservationSituationInfo', 'Y', 'N', 'N', 'N', 'N', 'N');
insert into FCSI_SERVICE_PARAMETER (SERVICE_CODE, ACCEPTANCE_CHNL_ID, MSG_TYPE, ACCEPTANCE_SYS_ID, PROCESS_ID, PROCESS_STATUS, LOGGABLE, TX_TYPE, REVERSABLE, REVERSAL_STRATEGY, LOCAL_REVERSAL) values ('reservationBusinessProcessInfo', 'CNCBI', '2', 'EB', 'reservationBusinessProcessInfo', 'Y', 'N', 'N', 'N', 'N', 'N');
insert into FCSI_SERVICE_PARAMETER (SERVICE_CODE, ACCEPTANCE_CHNL_ID, MSG_TYPE, ACCEPTANCE_SYS_ID, PROCESS_ID, PROCESS_STATUS, LOGGABLE, TX_TYPE, REVERSABLE, REVERSAL_STRATEGY, LOCAL_REVERSAL) values ('clientReservationAnalysisInfo', 'CNCBI', '2', 'EB', 'clientReservationAnalysisInfo', 'Y', 'N', 'N', 'N', 'N', 'N');
insert into FCSI_SERVICE_PARAMETER (SERVICE_CODE, ACCEPTANCE_CHNL_ID, MSG_TYPE, ACCEPTANCE_SYS_ID, PROCESS_ID, PROCESS_STATUS, LOGGABLE, TX_TYPE, REVERSABLE, REVERSAL_STRATEGY, LOCAL_REVERSAL) values ('branchInformationInfo', 'CNCBI', '2', 'EB', 'branchInformationInfo', 'Y', 'N', 'N', 'N', 'N', 'N');
insert into FCSI_SERVICE_PARAMETER (SERVICE_CODE, ACCEPTANCE_CHNL_ID, MSG_TYPE, ACCEPTANCE_SYS_ID, PROCESS_ID, PROCESS_STATUS, LOGGABLE, TX_TYPE, REVERSABLE, REVERSAL_STRATEGY, LOCAL_REVERSAL) values ('branchIdleInfo', 'CNCBI', '2', 'EB', 'branchIdleInfo', 'Y', 'N', 'N', 'N', 'N', 'N');
insert into FCSI_SERVICE_PARAMETER (SERVICE_CODE, ACCEPTANCE_CHNL_ID, MSG_TYPE, ACCEPTANCE_SYS_ID, PROCESS_ID, PROCESS_STATUS, LOGGABLE, TX_TYPE, REVERSABLE, REVERSAL_STRATEGY, LOCAL_REVERSAL) values ('branchBusinessAppointmentInfo', 'CNCBI', '2', 'EB', 'branchBusinessAppointmentInfo', 'Y', 'N', 'N', 'N', 'N', 'N');
insert into FCSI_SERVICE_PARAMETER (SERVICE_CODE, ACCEPTANCE_CHNL_ID, MSG_TYPE, ACCEPTANCE_SYS_ID, PROCESS_ID, PROCESS_STATUS, LOGGABLE, TX_TYPE, REVERSABLE, REVERSAL_STRATEGY, LOCAL_REVERSAL) values ('reservationBusinessDefinitionInfo', 'CNCBI', '2', 'EB', 'reservationBusinessDefinitionInfo', 'Y', 'N', 'N', 'N', 'N', 'N');

